iter	PRAUC	Logloss	PRAUC:use_weights=true	PRAUC:use_weights=false	Recall:use_weights=true	Recall:use_weights=false	Precision:use_weights=true	Precision:use_weights=false	F1:use_weights=true	F1:use_weights=false
0	0.7403118895	0.690882105	0.7403118895	0.4689006579	0.6210959416	0.6210959416	0.6632960762	0.3141911069	0.6415027426	0.4172896903
1	0.7493063815	0.6884976038	0.7493063815	0.4761409641	0.6798204601	0.6798204601	0.6576970919	0.3088360238	0.6685758089	0.4247239586
2	0.7524808489	0.6860056431	0.7524808489	0.4834003254	0.6833738545	0.6833738545	0.6567217929	0.3079126991	0.6697827932	0.4245381666
3	0.7506816499	0.6840398243	0.7506816499	0.4786784338	0.6777632317	0.6777632317	0.6577632301	0.3088987385	0.6676134772	0.4243808185
4	0.7524795062	0.6818758972	0.7524795062	0.4802463227	0.6704694221	0.6704694221	0.663075047	0.3139779296	0.666751734	0.4276767074
5	0.7534158069	0.6798874604	0.7534158069	0.4812205676	0.6721526089	0.6721526089	0.6616744261	0.3126304802	0.6668723607	0.4267648281
6	0.7604348844	0.6778743682	0.7604348844	0.4910928701	0.662801571	0.662801571	0.6710584355	0.3217722898	0.6669044474	0.433225353
7	0.7610995145	0.6760371474	0.7610995145	0.4918412906	0.668225173	0.668225173	0.6709742039	0.3216890249	0.6695968669	0.4343016896
8	0.7616800195	0.6741126621	0.7616800195	0.4918361601	0.66747709	0.66747709	0.6726671936	0.3233668569	0.6700620917	0.4356689453
9	0.7638694107	0.6723140592	0.7638694107	0.4950440894	0.6667290069	0.6667290069	0.6745209434	0.3252143769	0.6706023417	0.4371819241
10	0.7642096967	0.6707449513	0.7642096967	0.4949730916	0.6693472976	0.6693472976	0.6716375018	0.3223453121	0.670490444	0.4351367781
11	0.7644369166	0.6691759949	0.7644369166	0.4953144271	0.6652328408	0.6652328408	0.6734636465	0.3241593001	0.6693229406	0.4359068627
12	0.7637025487	0.6675321716	0.7637025487	0.4942075335	0.6667290069	0.6667290069	0.6742242747	0.324917973	0.6704556934	0.4369140266
13	0.7642877947	0.6655227573	0.7642877947	0.4949981673	0.6607443426	0.6607443426	0.6801257209	0.3308672036	0.6702949594	0.4409360374
14	0.7646838235	0.6639191843	0.7646838235	0.4955444853	0.6536375538	0.6536375538	0.6830360282	0.3338427739	0.6680134995	0.4419575114
15	0.7643166124	0.6621301148	0.7643166124	0.4948120787	0.6493360763	0.6493360763	0.6851080328	0.335978324	0.6667425917	0.4428289012
16	0.7651683635	0.6606348199	0.7651683635	0.4960577877	0.6469048064	0.6469048064	0.6863507043	0.3372659906	0.6660442292	0.4433762738
17	0.765206879	0.6591994469	0.765206879	0.4961020608	0.6452216196	0.6452216196	0.6865830613	0.3375073371	0.6652600658	0.4431883872
18	0.7655656612	0.6576492797	0.7655656612	0.4964903035	0.6442865158	0.6442865158	0.6872260075	0.3381761068	0.6650638912	0.4435431956
19	0.7653334562	0.6562620914	0.7653334562	0.4960017278	0.6409201421	0.6409201421	0.6889537289	0.3399801587	0.6640694753	0.4442859921
20	0.7660511193	0.654749806	0.7660511193	0.4967724734	0.643351412	0.643351412	0.6888330169	0.3398537838	0.6653158293	0.4447604887
21	0.767451639	0.6534201112	0.767451639	0.4987314696	0.648026931	0.648026931	0.6878015098	0.3387759093	0.6673220721	0.4449438202
22	0.7674432938	0.6519150502	0.7674432938	0.4988536223	0.6491490555	0.6491490555	0.6867479954	0.3376787625	0.6674194127	0.4442595674
23	0.7673420885	0.6505718315	0.7673420885	0.4987249229	0.6439124743	0.6439124743	0.6864003359	0.3373175272	0.6644779112	0.4427157001
24	0.7679512882	0.6492809004	0.7679512882	0.4998000576	0.6528894707	0.6528894707	0.6868494236	0.3377842284	0.6694390356	0.4452238235
25	0.7683724344	0.6482245769	0.7683724344	0.5001732321	0.6532635122	0.6532635122	0.6876015825	0.338567413	0.6699928674	0.4459908069
26	0.768248883	0.6469496494	0.768248883	0.4999710563	0.6506452216	0.6506452216	0.6886984079	0.3397129187	0.6691312347	0.4463690018
27	0.7685153994	0.6458200384	0.7685153994	0.5003656631	0.6506452216	0.6506452216	0.689269581	0.3403110633	0.6694007088	0.4468850353
28	0.768624662	0.6445433898	0.768624662	0.5003048841	0.6506452216	0.6506452216	0.6897462829	0.3408111285	0.6696254364	0.4473159756
29	0.769129085	0.6432771418	0.769129085	0.5010838802	0.65270245	0.65270245	0.6894698248	0.3405210264	0.6705825359	0.447550654
30	0.7690030422	0.6422329172	0.7690030422	0.5007858801	0.6500841593	0.6500841593	0.6891165528	0.3401506997	0.6690315363	0.446614416
31	0.77001652	0.6410237838	0.77001652	0.5022706685	0.6495230971	0.6495230971	0.6889315449	0.3399569303	0.6686471647	0.4463149778
32	0.7700679183	0.6397807582	0.7700679183	0.5024830496	0.6508322424	0.6508322424	0.6888868523	0.3399101387	0.6693190783	0.4465832531
33	0.7696903535	0.6389257207	0.7696903535	0.5018223961	0.6521413877	0.6521413877	0.6882100053	0.3392023346	0.6696903965	0.4462788763
34	0.7698617628	0.6379250081	0.7698617628	0.5020826568	0.6543856368	0.6543856368	0.6882533591	0.3392476246	0.6708923457	0.4468424749
35	0.7701869391	0.6369497196	0.7701869391	0.5023677171	0.6543856368	0.6543856368	0.6885683391	0.3395768634	0.6710419555	0.447127979
36	0.7706124266	0.6356439933	0.7706124266	0.5030524192	0.6532635122	0.6532635122	0.6887998297	0.3398190485	0.6705611903	0.4470753872
37	0.7707312855	0.6346525353	0.7707312855	0.5030387076	0.6555077614	0.6555077614	0.6889671188	0.3399941798	0.6718210959	0.4477516607
38	0.7709636014	0.6335459051	0.7709636014	0.5034374142	0.6551337198	0.6551337198	0.6894438462	0.3404937792	0.6718510304	0.4480972178
39	0.7708273984	0.6325629285	0.7708273984	0.5031218293	0.6553207406	0.6553207406	0.6899785782	0.3410550905	0.6722032287	0.4486268485
40	0.7707926704	0.6317927684	0.7707926704	0.503132173	0.6538245745	0.6538245745	0.6899324518	0.3410066329	0.6713933887	0.4482338611
41	0.7710725057	0.6309417197	0.7710725057	0.5036533851	0.6553207406	0.6553207406	0.6900733806	0.3411547074	0.6722482159	0.4487130234
42	0.7712691546	0.6299197186	0.7712691546	0.5039129072	0.6562558444	0.6562558444	0.6898416843	0.3409112989	0.6726297722	0.4487212276
43	0.7714771247	0.6288644498	0.7714771247	0.5041114719	0.6547596783	0.6547596783	0.6900482762	0.3411283251	0.6719409799	0.4485586163
44	0.7716737659	0.6279436149	0.7716737659	0.5043945901	0.6566298859	0.6566298859	0.6903737468	0.341470531	0.6730791567	0.449292981
45	0.7718248984	0.6272618392	0.7718248984	0.5046347814	0.6570039274	0.6570039274	0.6901169181	0.3412004662	0.6731534547	0.4491465831
46	0.7718867693	0.6264339197	0.7718867693	0.5046725355	0.657377969	0.657377969	0.6898290869	0.34089807	0.6732126915	0.4489717716
47	0.7719738845	0.6256356312	0.7719738845	0.5048631503	0.657377969	0.657377969	0.6895458477	0.3406007752	0.673077784	0.4487138572
48	0.772224077	0.624671903	0.772224077	0.5052014544	0.6583130728	0.6583130728	0.6906054756	0.3417143967	0.6740727426	0.4498977505
49	0.7726569809	0.6237606657	0.7726569809	0.5058784095	0.6575649897	0.6575649897	0.6911198771	0.3422564003	0.6739250155	0.4501920615
50	0.7726051254	0.6229624233	0.7726051254	0.5057793791	0.658126052	0.658126052	0.6909546801	0.3420822397	0.6741409389	0.4501727005
51	0.7726819597	0.6221123258	0.7726819597	0.5058839078	0.6556947821	0.6556947821	0.6909545991	0.3420821544	0.6728630802	0.4496024622
52	0.7731518849	0.6213090138	0.7731518849	0.5065871934	0.657377969	0.657377969	0.6907433315	0.3418595604	0.6736477618	0.44980485
53	0.7734618902	0.6206691162	0.7734618902	0.507067784	0.6603703011	0.6603703011	0.6915236268	0.3426824534	0.6755880121	0.4512171746
54	0.7736425971	0.6198226466	0.7736425971	0.5072612622	0.6598092388	0.6598092388	0.6915313669	0.3426906265	0.6752979713	0.4510932106
55	0.7738194995	0.6188262885	0.7738194995	0.507480541	0.6592481765	0.6592481765	0.6918231912	0.3429989296	0.6751429838	0.4512288786
56	0.774083207	0.6181325766	0.774083207	0.507876236	0.6614924257	0.6614924257	0.6919171565	0.3430982637	0.6763628161	0.4518395503
57	0.7742523274	0.6175249436	0.7742523274	0.5080405377	0.6618664672	0.6618664672	0.6919432452	0.3431258484	0.6765707573	0.4519507056
58	0.7746953065	0.6168739681	0.7746953065	0.5086784471	0.662801571	0.662801571	0.6920554858	0.3432445521	0.6771127048	0.4522715671
59	0.774568098	0.6160842566	0.774568098	0.5084165922	0.6624275295	0.6624275295	0.6922811291	0.3434833204	0.6770253886	0.4523915959
60	0.7745014116	0.6154534917	0.7745014116	0.5084050582	0.6622405087	0.6622405087	0.6922839194	0.3434862741	0.676929032	0.4523505365
61	0.7745956609	0.6146481421	0.7745956609	0.5085131111	0.662801571	0.662801571	0.6922755532	0.3434774181	0.6772180211	0.4524736674
62	0.774652716	0.6141541648	0.774652716	0.5085254661	0.663549654	0.663549654	0.6924529424	0.343665246	0.6776932604	0.4528109246
63	0.7747572892	0.6134357622	0.7747572892	0.5087333776	0.6639236955	0.6639236955	0.6923530573	0.3435594697	0.6778404178	0.4528061224
64	0.7751619794	0.6129214797	0.7751619794	0.5093273114	0.6646717786	0.6646717786	0.6927498485	0.3439798684	0.6784204181	0.4533452389
65	0.7754979192	0.6123758361	0.7754979192	0.5099286969	0.6654198616	0.6654198616	0.6928323103	0.3440673049	0.6788494649	0.4535951045
66	0.7757215431	0.6117470736	0.7757215431	0.5102616562	0.6659809239	0.6659809239	0.6927294784	0.343958273	0.6790919054	0.4536305732
67	0.775703786	0.6111648705	0.775703786	0.5101295054	0.6657939031	0.6657939031	0.6924503645	0.3436625157	0.6788605583	0.4533299376
68	0.7760938382	0.6105720865	0.7760938382	0.5107014486	0.6663549654	0.6663549654	0.6927236732	0.3439521189	0.6792835178	0.4537119572
69	0.7763330685	0.6099585185	0.7763330685	0.5110593121	0.6665419862	0.6665419862	0.69262685	0.3438494935	0.6793341107	0.4536659878
70	0.7764161714	0.609576958	0.7764161714	0.5111549897	0.6678511315	0.6678511315	0.6929193291	0.3441595991	0.6801543264	0.4542390129
71	0.7765431538	0.6090007322	0.7765431538	0.5113159318	0.668973256	0.668973256	0.6926832219	0.3439092395	0.680621813	0.4542799086
72	0.7767236085	0.6084837562	0.7767236085	0.5116649029	0.6699083598	0.6699083598	0.6929181419	0.3441583397	0.6812190038	0.4547127896
73	0.7768332475	0.6081065128	0.7768332475	0.5118369556	0.6693472976	0.6693472976	0.6925527844	0.3437710114	0.6807523412	0.4542454626
74	0.7771221939	0.6074244453	0.7771221939	0.5123652724	0.6702824013	0.6702824013	0.6926942499	0.3439209289	0.6813040631	0.4545915779
75	0.7773440615	0.6069384599	0.7773440615	0.5126979777	0.6697213391	0.6697213391	0.6925471101	0.3437649995	0.6809429936	0.4543263131
76	0.7773671293	0.6065279563	0.7773671293	0.5127015573	0.6710304844	0.6710304844	0.6928071798	0.3440406559	0.6817449755	0.4548681542
77	0.777483712	0.605923011	0.777483712	0.5129185944	0.6712175051	0.6712175051	0.6924934021	0.3437081019	0.681689486	0.4546203053
78	0.7775356426	0.6052363692	0.7775356426	0.5130438986	0.6704694221	0.6704694221	0.6930962484	0.3443473249	0.681595102	0.4550069806
79	0.7775131213	0.6045584272	0.7775131213	0.512953635	0.6708434636	0.6708434636	0.6942445328	0.3455684008	0.6823434214	0.4561581993
80	0.7775899959	0.6040610028	0.7775899959	0.5130092416	0.6715915467	0.6715915467	0.6938881069	0.3451888878	0.6825577894	0.456
81	0.7776648658	0.6034889296	0.7776648658	0.5131208961	0.6725266505	0.6725266505	0.6939966343	0.3453043979	0.6830929807	0.4563162236
82	0.7777796186	0.6029727926	0.7777796186	0.5133423431	0.6725266505	0.6725266505	0.6937164178	0.3450062362	0.6829572126	0.4560558022
83	0.7779851616	0.6025301975	0.7779851616	0.5136601341	0.6734617543	0.6734617543	0.6936695686	0.3449564134	0.6834163137	0.4562270366
84	0.7781412373	0.6020804366	0.7781412373	0.5138810554	0.6738357958	0.6738357958	0.6935390825	0.3448176859	0.6835454812	0.4561914409
85	0.7783373778	0.6015754934	0.7783373778	0.5141887991	0.6745838788	0.6745838788	0.6932786914	0.3445410259	0.6838035325	0.4561203844
86	0.7783785774	0.601093295	0.7783785774	0.5142942828	0.6749579203	0.6749579203	0.6936134931	0.344896789	0.6841585557	0.4565176143
87	0.7783938583	0.6005915142	0.7783938583	0.514277882	0.6745838788	0.6745838788	0.6936817766	0.3449693956	0.6839995459	0.4564956021
88	0.7786796056	0.6002087778	0.7786796056	0.514744219	0.6749579203	0.6749579203	0.6936134931	0.344896789	0.6841585557	0.4565176143
89	0.7788584023	0.5998737756	0.7788584023	0.5150093605	0.6751449411	0.6751449411	0.6937653726	0.3450583063	0.6843285158	0.4567018787
90	0.7789257814	0.5995877201	0.7789257814	0.515068527	0.6753319618	0.6753319618	0.6940102806	0.3453189251	0.6845437317	0.4569729182
91	0.7789132664	0.5991314505	0.7789132664	0.5149905935	0.6758930241	0.6758930241	0.6943727139	0.3457049933	0.6850082585	0.4574394026
92	0.778981464	0.5987501039	0.778981464	0.5150938162	0.6758930241	0.6758930241	0.6938766492	0.3451766953	0.6847667837	0.4569766707
93	0.7790595486	0.5983053301	0.7790595486	0.5151536221	0.6755189826	0.6755189826	0.6943793796	0.345712098	0.6848193486	0.457359924
94	0.779223699	0.5979710203	0.779223699	0.5153708347	0.6753319618	0.6753319618	0.6942274856	0.3455502392	0.6846493749	0.4571754131
95	0.7793598644	0.5973712026	0.7793598644	0.5156080207	0.6760800449	0.6760800449	0.6943073547	0.345635338	0.6850724805	0.4574212324
96	0.7796665072	0.5969685221	0.7796665072	0.5161248297	0.6757060034	0.6757060034	0.6944070823	0.3457416268	0.6849289145	0.4574286257
97	0.7798127216	0.5965913811	0.7798127216	0.5163091771	0.6764540864	0.6764540864	0.6941767817	0.345496227	0.685200854	0.4573849267
98	0.7800051351	0.5961349862	0.7800051351	0.5165855261	0.6770151487	0.6770151487	0.694105066	0.3454198473	0.6854536013	0.4574461363
99	0.7800815329	0.5956598099	0.7800815329	0.5167133446	0.6770151487	0.6770151487	0.6941669734	0.3454857797	0.6854837868	0.4575039494
100	0.7804231203	0.5952170673	0.7804231203	0.5172377558	0.6773891902	0.6773891902	0.6942532724	0.3455777121	0.685717561	0.457669952
101	0.7807004176	0.5949808899	0.7807004176	0.5176486488	0.6773891902	0.6773891902	0.694408042	0.3457426499	0.6857930461	0.4578145737
102	0.7809976471	0.5946184442	0.7809976471	0.5181109217	0.6781372732	0.6781372732	0.694549384	0.3458933511	0.6862452154	0.4581174984
103	0.7811120675	0.5941662493	0.7811120675	0.5183163087	0.6786983355	0.6786983355	0.6945392813	0.3458825772	0.686527442	0.4582359997
104	0.781270798	0.5938469665	0.781270798	0.5185702009	0.6796334393	0.6796334393	0.6946768594	0.3460293277	0.6870728155	0.4585778283
105	0.7813245364	0.593512984	0.7813245364	0.518683611	0.6788853563	0.6788853563	0.6943196571	0.3456484479	0.6865157689	0.4580730645
106	0.7812810701	0.5930906926	0.7812810701	0.5186677037	0.6788853563	0.6788853563	0.6939492381	0.3452539471	0.6863346505	0.457726499
107	0.7813538769	0.5928052024	0.7813538769	0.5187392377	0.679072377	0.679072377	0.6940694373	0.3453819081	0.6864890104	0.4578814628
108	0.781448393	0.5924765455	0.781448393	0.5188891545	0.6792593978	0.6792593978	0.6942513297	0.3455756422	0.6866735449	0.4580942171
109	0.7814267915	0.5921193584	0.7814267915	0.5188430255	0.6796334393	0.6796334393	0.6944607493	0.3457988391	0.6869670965	0.4583753784
110	0.7815264228	0.5917306201	0.7815264228	0.5190216294	0.6796334393	0.6796334393	0.6947695193	0.3461282027	0.6871181337	0.4586646472
111	0.7816502499	0.591301441	0.7816502499	0.5192109624	0.6796334393	0.6796334393	0.6950476471	0.3464251668	0.687254124	0.4589253015
112	0.7818382511	0.5910065606	0.7818382511	0.519493984	0.6800074808	0.6800074808	0.6951333469	0.3465167254	0.6874872254	0.4590909091
113	0.7820852286	0.5907778303	0.7820852286	0.5198584596	0.6801945016	0.6801945016	0.6950989245	0.3464799467	0.6875659514	0.4591012371
114	0.7822025842	0.5904124855	0.7822025842	0.5200398031	0.6807555639	0.6807555639	0.6953045272	0.3466996857	0.6879531331	0.4594219361
115	0.7822615091	0.5900696589	0.7822615091	0.5201242881	0.6801945016	0.6801945016	0.6953770864	0.3467772693	0.6877020067	0.4593621724
116	0.7824368066	0.5898309026	0.7824368066	0.5204126328	0.6801945016	0.6801945016	0.6953770864	0.3467772693	0.6877020067	0.4593621724
117	0.7825038137	0.5896325352	0.7825038137	0.5204871701	0.6800074808	0.6800074808	0.6952569932	0.3466488702	0.6875476905	0.4592068704
118	0.782494267	0.5892643656	0.782494267	0.5204913069	0.6794464186	0.6794464186	0.6953295831	0.3467264745	0.6872962496	0.4591469194
119	0.7825781744	0.5889041462	0.7825781744	0.520620526	0.679072377	0.679072377	0.6949344252	0.3463042442	0.6869118424	0.4586912582
120	0.7826764322	0.5885495075	0.7826764322	0.5207390219	0.6800074808	0.6800074808	0.6955044178	0.3469134625	0.6876686527	0.4594389689
121	0.7828273672	0.5882206071	0.7828273672	0.5209930368	0.6807555639	0.6807555639	0.6957062944	0.347129506	0.6881497339	0.4597991537
122	0.7829180565	0.5879730671	0.7829180565	0.5210842723	0.6803815223	0.6803815223	0.6952498716	0.3466412577	0.6877353456	0.4592854438
123	0.7830759351	0.5877039759	0.7830759351	0.5213119317	0.6818776884	0.6818776884	0.6950981703	0.3464791409	0.6884244638	0.4594833018
124	0.7832097809	0.587412698	0.7832097809	0.5215314122	0.6813166261	0.6813166261	0.6948928582	0.3462598612	0.6880377778	0.4591630955
125	0.7834688657	0.5870066999	0.7834688657	0.5219375338	0.6815036469	0.6815036469	0.6951051899	0.3464866407	0.6882372236	0.459404942
126	0.7834980092	0.5867537958	0.7834980092	0.5219630949	0.6809425846	0.6809425846	0.695115734	0.3464979064	0.6879561689	0.4592872911
127	0.7836103844	0.5863548978	0.7836103844	0.5221420917	0.6818776884	0.6818776884	0.6956224748	0.3470397868	0.6886815084	0.4599760298
128	0.7836878714	0.5859805932	0.7836878714	0.5222318975	0.6824387507	0.6824387507	0.6959509002	0.3473914699	0.6891285967	0.4604125923
129	0.7837591274	0.5857389053	0.7837591274	0.5222952241	0.6820647092	0.6820647092	0.6957422643	0.3471680152	0.6888355979	0.4601312137
130	0.7837330875	0.5854633425	0.7837330875	0.5222381383	0.6826257715	0.6826257715	0.6960088786	0.3474535935	0.6892523667	0.4605097149
131	0.7838358026	0.5851328355	0.7838358026	0.5223705022	0.682999813	0.682999813	0.6958471531	0.3472803347	0.6893636308	0.4604425392
132	0.7839366193	0.5849206386	0.7839366193	0.5225153383	0.6835608753	0.6835608753	0.6961133966	0.3475656143	0.6897800334	0.4608207779
133	0.7840257986	0.5845505411	0.7840257986	0.5226568584	0.6826257715	0.6826257715	0.6958854399	0.3473213436	0.6891918344	0.4603935419
134	0.7841148575	0.5842026854	0.7841148575	0.5227509874	0.6833738545	0.6833738545	0.6967345512	0.3482321548	0.689989531	0.4613636364
135	0.7843669845	0.5839064989	0.7843669845	0.523117813	0.6824387507	0.6824387507	0.6964451462	0.347921434	0.6893708115	0.4608778023
136	0.7844079817	0.5836724511	0.7844079817	0.5231605487	0.6826257715	0.6826257715	0.6961632385	0.3476190476	0.689328047	0.4606550136
137	0.7845501497	0.583437147	0.7845501497	0.5233835771	0.6831868337	0.6831868337	0.6965531403	0.3480373476	0.6898052436	0.4611500347
138	0.7846577146	0.5832076992	0.7846577146	0.523555418	0.6833738545	0.6833738545	0.6964874735	0.3479668603	0.6898683508	0.461130742
139	0.7848402243	0.5829619481	0.7848402243	0.5238172461	0.6839349168	0.6839349168	0.6965066466	0.3479874393	0.6901635361	0.4612764884
140	0.784983367	0.5825976432	0.784983367	0.5240087542	0.6835608753	0.6835608753	0.6962059054	0.347664796	0.6898254469	0.4609079445
141	0.785086744	0.5823274174	0.785086744	0.5241464613	0.6841219375	0.6841219375	0.6963177513	0.34778475	0.6901659711	0.4611408761
142	0.785171728	0.5820920978	0.785171728	0.5242968707	0.6839349168	0.6839349168	0.6961982818	0.3476566214	0.6900121154	0.4609857557
143	0.7852831986	0.581939441	0.7852831986	0.5244691508	0.6841219375	0.6841219375	0.6961020433	0.3475534442	0.6900599978	0.4609375
144	0.7853473246	0.5815995174	0.7853473246	0.5245482068	0.6848700206	0.6848700206	0.6963331894	0.3478013107	0.6905540362	0.4613252708
145	0.7854800795	0.5814099227	0.7854800795	0.5247546295	0.6863661866	0.6863661866	0.6968559663	0.3483626009	0.6915713014	0.4621584183
146	0.7855178821	0.5811868682	0.7855178821	0.5247866102	0.6869272489	0.6869272489	0.6967518038	0.3482506874	0.6918046476	0.4621869888
147	0.7856595939	0.5810007104	0.7856595939	0.5249758131	0.6880493735	0.6880493735	0.6970351306	0.3485551871	0.6925131044	0.4627090932
148	0.7858218107	0.5806702494	0.7858218107	0.5252300489	0.6873012904	0.6873012904	0.6967439083	0.348242206	0.6919903884	0.4622641509
149	0.7859386609	0.5803085971	0.7859386609	0.5253987342	0.6878623527	0.6878623527	0.6970084358	0.3485264854	0.6924051926	0.4626415094
150	0.7860487757	0.5801162127	0.7860487757	0.525538371	0.687675332	0.687675332	0.6968895682	0.3483987114	0.6922517899	0.4624866361
151	0.786178773	0.5798748138	0.786178773	0.5256970573	0.6878623527	0.6878623527	0.6966706993	0.3481635744	0.6922385068	0.4623216643
152	0.7862990347	0.5794751265	0.7862990347	0.5258876029	0.6878623527	0.6878623527	0.6967320816	0.348229502	0.6922688074	0.462379785
153	0.7863913786	0.5792983406	0.7863913786	0.5260120391	0.687675332	0.687675332	0.6966439262	0.348134823	0.6921305766	0.46225407
154	0.7865518798	0.5791140509	0.7865518798	0.5262321601	0.687675332	0.687675332	0.6965211701	0.3480030286	0.6920699859	0.4621378747
155	0.7867283894	0.5788611854	0.7867283894	0.5265100006	0.687675332	0.687675332	0.696551855	0.3480359678	0.6920851326	0.462166918
156	0.7867967705	0.5786130338	0.7867967705	0.526615116	0.6886104358	0.6886104358	0.6966856854	0.348179669	0.6926245242	0.4625047105
157	0.7869906492	0.5783992864	0.7869906492	0.5269056064	0.6882363942	0.6882363942	0.6965708594	0.34805637	0.6923785463	0.4623115578
158	0.7871356918	0.5781702812	0.7871356918	0.5271109978	0.6893585188	0.6893585188	0.6969457217	0.348459066	0.693131358	0.4629199372
159	0.7872945115	0.5780321387	0.7872945115	0.5273702051	0.6893585188	0.6893585188	0.696915077	0.3484261272	0.6931162025	0.4628908703
160	0.7873991963	0.5777626856	0.7873991963	0.5275363215	0.6895455396	0.6895455396	0.6968804626	0.3483889256	0.6931935983	0.4629001883
161	0.7874865565	0.5775917203	0.7874865565	0.527653232	0.6899195811	0.6899195811	0.6968113005	0.3483146067	0.6933483157	0.4629188104
162	0.787596294	0.5774321424	0.787596294	0.527813045	0.6895455396	0.6895455396	0.6968192041	0.3483230987	0.6931632909	0.4628420788
163	0.7876434836	0.5772423467	0.7876434836	0.5279264755	0.6901066018	0.6901066018	0.6969603889	0.3484748324	0.6935165624	0.4631024096
164	0.7877533936	0.5770463852	0.7877533936	0.5280902607	0.6904806434	0.6904806434	0.6970442146	0.3485649547	0.6937469047	0.4632662024
165	0.787842189	0.5768074592	0.787842189	0.5282265673	0.6910417056	0.6910417056	0.6970933515	0.3486177941	0.6940543373	0.463439107
166	0.7879937442	0.5766403346	0.7879937442	0.528451096	0.6910417056	0.6910417056	0.6970016106	0.3485191473	0.6940088629	0.4633519343
167	0.7881455483	0.5764147196	0.7881455483	0.528671213	0.6908546849	0.6908546849	0.6969750249	0.348490566	0.6939013595	0.4632846303
168	0.7883679461	0.5762405523	0.7883679461	0.529034034	0.6904806434	0.6904806434	0.6970442146	0.3485649547	0.6937469047	0.4632662024
169	0.7885066734	0.5760851476	0.7885066734	0.5292539355	0.6910417056	0.6910417056	0.6970933515	0.3486177941	0.6940543373	0.463439107
170	0.7886685436	0.5758431357	0.7886685436	0.5294677968	0.6916027679	0.6916027679	0.6971118531	0.3486376921	0.6943463831	0.4635828006
171	0.7887761102	0.5757061477	0.7887761102	0.5296094791	0.6917897887	0.6917897887	0.6973217628	0.3488635292	0.6945447605	0.4638244514
172	0.788880719	0.5754885022	0.788880719	0.5298165917	0.6916027679	0.6916027679	0.6968369113	0.3483421251	0.6942099738	0.4633214308
173	0.7890162066	0.5753449871	0.7890162066	0.5300290473	0.6916027679	0.6916027679	0.6968369113	0.3483421251	0.6942099738	0.4633214308
174	0.7890542078	0.5751795553	0.7890542078	0.5301046402	0.6912287264	0.6912287264	0.6968753656	0.348383448	0.6940405611	0.4632740035
175	0.7891841778	0.5749781031	0.7891841778	0.530270522	0.6921638302	0.6921638302	0.697191407	0.3487232639	0.6946685221	0.4637844612
176	0.789307445	0.5747740877	0.789307445	0.5304853544	0.6916027679	0.6916027679	0.6967453122	0.3482437141	0.6941645159	0.463234373
177	0.7894048275	0.5746083899	0.7894048275	0.5306412084	0.6923508509	0.6923508509	0.697034724	0.34855475	0.6946848924	0.4636773547
178	0.7895497187	0.5743401804	0.7895497187	0.5308898093	0.6927248925	0.6927248925	0.6973929738	0.348940179	0.6950510953	0.4641022428
179	0.7896603832	0.5741985968	0.7896603832	0.5310557239	0.693098934	0.693098934	0.697415304	0.3489642185	0.6952504197	0.4642074278
180	0.7897520268	0.573978897	0.7897520268	0.5311919029	0.6934729755	0.6934729755	0.6976512275	0.3492183085	0.6955558268	0.464516129
181	0.7897822466	0.5737961871	0.7897822466	0.5312412192	0.6932859547	0.6932859547	0.6973806919	0.3489269578	0.695327295	0.4642163922
182	0.7898586344	0.5735774126	0.7898586344	0.5313708886	0.693847017	0.693847017	0.6973989165	0.3489465764	0.6956184327	0.4643594718
183	0.7898956619	0.5733153053	0.7898956619	0.5314107273	0.6936599963	0.6936599963	0.6975555231	0.3491152108	0.6956023058	0.4644668462
184	0.7900242548	0.5731359134	0.7900242548	0.5316151928	0.6934729755	0.6934729755	0.697590181	0.3491525424	0.6955254853	0.4644579445
185	0.7901084741	0.5729630654	0.7901084741	0.531716845	0.693847017	0.693847017	0.6976734109	0.3492422103	0.6957549531	0.4646211647
186	0.7901710177	0.5728191851	0.7901710177	0.5318108008	0.6942210585	0.6942210585	0.6977870745	0.3493647059	0.6959994988	0.4648134235
187	0.7902277097	0.5726332732	0.7902277097	0.5319134676	0.6945951001	0.6945951001	0.6977786804	0.349355658	0.6961832507	0.4648892227
188	0.7903316365	0.5724613753	0.7903316365	0.5320760566	0.6949691416	0.6949691416	0.6977702956	0.3493466203	0.6963669016	0.464964965
189	0.7904065846	0.5723492556	0.7904065846	0.5322035227	0.6957172246	0.6957172246	0.6980275883	0.3496240602	0.6968704916	0.4653781197
190	0.7905497987	0.5721830815	0.7905497987	0.5323977863	0.6962782869	0.6962782869	0.6984716432	0.3501034418	0.6973732404	0.4659282898
191	0.7906146278	0.5719779224	0.7906146278	0.5324844915	0.6960912661	0.6960912661	0.6981713262	0.3497791561	0.6971297446	0.4655991994
192	0.7907165323	0.5718258094	0.7907165323	0.5326367039	0.6964653076	0.6964653076	0.6981931797	0.3498027428	0.6973281733	0.4657037454
193	0.7908087788	0.5716463286	0.7908087788	0.5327597955	0.6970263699	0.6970263699	0.6981498758	0.349756006	0.6975876705	0.4657876648
194	0.7908985761	0.5713979313	0.7908985761	0.5328729352	0.6972133907	0.6972133907	0.6986628639	0.3503100921	0.6979373747	0.4663205954
195	0.790979738	0.5712542261	0.790979738	0.5329848617	0.6975874322	0.6975874322	0.6986540147	0.3503005259	0.6981203161	0.4663957487
196	0.791100314	0.5711213924	0.791100314	0.5331626837	0.6975874322	0.6975874322	0.6986540147	0.3503005259	0.6981203161	0.4663957487
197	0.7912041722	0.5709848221	0.7912041722	0.5333143334	0.697774453	0.697774453	0.6988017499	0.3504602668	0.6982877236	0.4665791284
198	0.7913373228	0.5707833888	0.7913373228	0.5335237469	0.6983355152	0.6983355152	0.6988492032	0.350511593	0.6985922648	0.46675
199	0.7914680664	0.5706039677	0.7914680664	0.5337337988	0.698522536	0.698522536	0.6989968104	0.3506712985	0.6987595927	0.4669333667
200	0.7915772759	0.5704004148	0.7915772759	0.5338922219	0.6987095568	0.6987095568	0.6990835523	0.3507651864	0.6988965045	0.4670583823
201	0.7916571027	0.5702002808	0.7916571027	0.5340356209	0.6990835983	0.6990835983	0.6989528889	0.3506237689	0.6990182375	0.4670164918
202	0.7917291015	0.570006946	0.7917291015	0.534127939	0.6996446606	0.6996446606	0.6997603222	0.3514986376	0.6997024866	0.4679174484
203	0.7918393361	0.5698684044	0.7918393361	0.5343002209	0.6996446606	0.6996446606	0.6995777308	0.3513005916	0.6996111941	0.4677419355
204	0.7919619164	0.5697403245	0.7919619164	0.534477719	0.6998316813	0.6998316813	0.6998469099	0.3515925961	0.6998392955	0.4680425266
205	0.7920739446	0.5694837697	0.7920739446	0.5346332811	0.7005797644	0.7005797644	0.7002843349	0.3520676692	0.7004320185	0.4686307625
206	0.7922263245	0.5693353437	0.7922263245	0.5348461118	0.7003927436	0.7003927436	0.7010208395	0.3528691228	0.7007066508	0.4692982456
207	0.7922916151	0.5691408825	0.7922916151	0.5349114622	0.7005797644	0.7005797644	0.7015042468	0.3533962264	0.7010417008	0.4698062331
208	0.7924133523	0.5689863058	0.7924133523	0.5350788648	0.7002057228	0.7002057228	0.7014535281	0.3533408834	0.70082907	0.4696732108
209	0.7924694564	0.5688035548	0.7924694564	0.5351778393	0.7007667851	0.7007667851	0.7015601349	0.353457221	0.7011632356	0.4699021821
210	0.7925131109	0.5686419072	0.7925131109	0.5352305577	0.7005797644	0.7005797644	0.7017487393	0.353663142	0.7011637646	0.4700420353
211	0.7926583416	0.5684224005	0.7926583416	0.5354550637	0.7007667851	0.7007667851	0.7016212355	0.3535239174	0.70119375	0.4699611188
212	0.7928347561	0.5681652127	0.7928347561	0.5357174255	0.7017018889	0.7017018889	0.7018392617	0.3537620215	0.7017705686	0.4703817464
213	0.7929504413	0.5679535775	0.7929504413	0.5358813366	0.7017018889	0.7017018889	0.7018087319	0.3537286697	0.7017553063	0.4703522628
214	0.7930580483	0.5678363422	0.7930580483	0.5360342818	0.7017018889	0.7017018889	0.7017782046	0.3536953243	0.7017400447	0.4703227828
215	0.7931882925	0.5676400903	0.7931882925	0.5362539124	0.7020759304	0.7020759304	0.7021645039	0.3541175361	0.7021202144	0.4707800351
216	0.7933092754	0.5675221106	0.7933092754	0.5364444191	0.7024499719	0.7024499719	0.7021842811	0.3541391665	0.7023171014	0.4708832195
217	0.7933705183	0.5674205629	0.7933705183	0.5365392374	0.7020759304	0.7020759304	0.7020728862	0.3540173519	0.7020744083	0.4706914927
218	0.7934187193	0.5673282351	0.7934187193	0.536617985	0.7024499719	0.7024499719	0.7022453438	0.35420596	0.702347643	0.4709422607
219	0.7934254409	0.5671935706	0.7934254409	0.5366107858	0.7022629512	0.7022629512	0.7020675354	0.3540115018	0.7021652297	0.470728344
220	0.7935030404	0.5670088034	0.7935030404	0.5367296134	0.7026369927	0.7026369927	0.7022094233	0.3541666667	0.7024231429	0.4709495456
221	0.7937131362	0.5668305522	0.7937131362	0.5370345229	0.7024499719	0.7024499719	0.7021842811	0.3541391665	0.7023171014	0.4708832195
222	0.7937727484	0.5667204942	0.7937727484	0.5371158085	0.7028240135	0.7028240135	0.7024482366	0.3544279921	0.7026360748	0.4712225705
223	0.7939004194	0.566584048	0.7939004194	0.5372704161	0.7030110342	0.7030110342	0.7025038448	0.3544888721	0.702757348	0.4713184126
224	0.7939867119	0.5664007395	0.7939867119	0.5374258931	0.7030110342	0.7030110342	0.7025649143	0.3545557442	0.7027879035	0.4713775158
225	0.7941233023	0.5662378464	0.7941233023	0.5376183575	0.7026369927	0.7026369927	0.7033099644	0.3553726826	0.7029733175	0.4720145738
226	0.7942524412	0.56600329	0.7942524412	0.537811283	0.7024499719	0.7024499719	0.7029483288	0.3549759002	0.702699062	0.4716223004
227	0.7943165291	0.5658116462	0.7943165291	0.5378873297	0.7024499719	0.7024499719	0.7029483288	0.3549759002	0.702699062	0.4716223004
228	0.7944434436	0.5656782986	0.7944434436	0.5380611087	0.7030110342	0.7030110342	0.7034516167	0.3555282323	0.7032312564	0.4722361809
229	0.7945095132	0.565576153	0.7945095132	0.5381588994	0.7026369927	0.7026369927	0.7032793472	0.3553390712	0.7029580232	0.4719849246
230	0.7946048053	0.5654039528	0.7946048053	0.5383446798	0.7026369927	0.7026369927	0.7032487327	0.3553054662	0.7029427296	0.4719552792
231	0.7946739585	0.565238254	0.7946739585	0.5384337737	0.7024499719	0.7024499719	0.7033156626	0.3553789384	0.7028825507	0.4719778839
232	0.7947503235	0.5650939642	0.7947503235	0.5385351467	0.7024499719	0.7024499719	0.7031931753	0.3552444907	0.7028213772	0.4718592965
233	0.7948854341	0.5649632522	0.7948854341	0.5387244155	0.7026369927	0.7026369927	0.7036162827	0.355709146	0.7031262967	0.4723112704
234	0.7949934775	0.564811363	0.7949934775	0.5388666699	0.7033850757	0.7033850757	0.7041139402	0.3562565123	0.7037493192	0.4729627767
235	0.7951419508	0.5646812577	0.7951419508	0.5390871287	0.7037591173	0.7037591173	0.7042553376	0.3564121993	0.70400714	0.4731845332
236	0.7952576953	0.56455215	0.7952576953	0.5392612515	0.7033850757	0.7033850757	0.7042059199	0.356357779	0.7037952585	0.4730520093
237	0.795394102	0.5643388679	0.795394102	0.5395070792	0.703198055	0.703198055	0.7043959488	0.3565670934	0.7037964922	0.4731940599
238	0.7955364239	0.5641965572	0.7955364239	0.5397436213	0.7033850757	0.7033850757	0.7044513167	0.3566281054	0.7039177924	0.4732901277
239	0.7956327129	0.5640957802	0.7956327129	0.5399040918	0.703946138	0.703946138	0.7046479726	0.3568448995	0.7042968805	0.4736080528
240	0.7957266624	0.5639945925	0.7957266624	0.5400646204	0.7037591173	0.7037591173	0.7045926702	0.3567839196	0.7041756471	0.4735120171
241	0.7958094399	0.5638097747	0.7958094399	0.5402190134	0.7041331588	0.7041331588	0.704672581	0.3568720379	0.7044027666	0.4736742782
242	0.7959405715	0.5636911937	0.7959405715	0.5404284351	0.7041331588	0.7041331588	0.7046419104	0.3568382144	0.7043874427	0.4736444836
243	0.7960868952	0.5635094759	0.7960868952	0.5406621306	0.7046942211	0.7046942211	0.7047156855	0.3569195794	0.7047049531	0.4738430584
244	0.7961804405	0.5633983471	0.7961804405	0.5407936223	0.7041331588	0.7041331588	0.7047032543	0.3569058679	0.7044180912	0.4737040765
245	0.7963081179	0.5633262892	0.7963081179	0.5410248334	0.703946138	0.703946138	0.7045559508	0.3567434366	0.7042509124	0.4735186816
246	0.796397708	0.5631066791	0.796397708	0.5411519412	0.7046942211	0.7046942211	0.7048996412	0.3571225476	0.7047969161	0.4740218895
247	0.7964296768	0.5629730564	0.7964296768	0.5411849796	0.7052552833	0.7052552833	0.7049425584	0.3571699185	0.7050988862	0.4741905061
248	0.7965305825	0.5627949238	0.7965305825	0.5413210572	0.7050682626	0.7050682626	0.7052247014	0.3574815096	0.7051464733	0.4744227018
249	0.796636188	0.5626548275	0.796636188	0.5415062427	0.7046942211	0.7046942211	0.7052678407	0.3575291773	0.7049809142	0.4743799572
250	0.7967270591	0.5625225006	0.7967270591	0.5416266567	0.7052552833	0.7052552833	0.7052798325	0.3575424291	0.7052675577	0.4745186863
251	0.7968273174	0.5623583136	0.7968273174	0.5417922155	0.7048812418	0.7048812418	0.7052923016	0.3575562091	0.7050867118	0.4744461229
252	0.7969276056	0.5622583481	0.7969276056	0.5419519522	0.7048812418	0.7048812418	0.7053536936	0.357624063	0.7051173886	0.4745058542
253	0.7969880574	0.5621532741	0.7969880574	0.5420283279	0.703946138	0.703946138	0.7058464475	0.3581691883	0.704895012	0.4747729566
254	0.7970476926	0.5620578064	0.7970476926	0.5421064082	0.703946138	0.703946138	0.7060619901	0.3584079223	0.7050024765	0.4749826487
255	0.7971216063	0.5619629521	0.7971216063	0.5422243447	0.7033850757	0.7033850757	0.70577326	0.3580881653	0.7045771442	0.4745741325
256	0.7971983168	0.5617843995	0.7971983168	0.542325757	0.7035720965	0.7035720965	0.7059824825	0.35831984	0.7047752286	0.4748201439
257	0.7972897578	0.5616981989	0.7972897578	0.5424725288	0.7037591173	0.7037591173	0.7063150221	0.3586883996	0.7050347533	0.4751862609
258	0.7974092116	0.5616111227	0.7974092116	0.5426670522	0.7037591173	0.7037591173	0.706345855	0.3587225929	0.7050501135	0.4752162657
259	0.7975553586	0.5614456802	0.7975553586	0.5428930933	0.703946138	0.703946138	0.706431798	0.3588179218	0.7051867776	0.4753425523
260	0.797682646	0.5613045243	0.797682646	0.5430815151	0.7041331588	0.7041331588	0.7065177163	0.3589132507	0.7053234221	0.4754688388
261	0.7977293761	0.5611748072	0.7977293761	0.5431474235	0.7037591173	0.7037591173	0.7068086704	0.3592362768	0.7052805974	0.4756667931
262	0.797796907	0.5610843522	0.797796907	0.5432481171	0.703946138	0.703946138	0.7069872368	0.359434683	0.7054634101	0.4758834313
263	0.7978864106	0.5609907482	0.7978864106	0.5433791184	0.7037591173	0.7037591173	0.7071175511	0.3595795509	0.705434337	0.4759676195
264	0.7979852525	0.560885741	0.7979852525	0.5435461766	0.703946138	0.703946138	0.707419849	0.3599158539	0.7056787187	0.4763049668
265	0.7980949178	0.560701406	0.7980949178	0.5437225329	0.7041331588	0.7041331588	0.707505745	0.3600114745	0.7058154231	0.476431509
266	0.7981491675	0.5605173229	0.7981491675	0.543790064	0.7033850757	0.7033850757	0.7080908876	0.360663598	0.7057301372	0.4768304279
267	0.7982328826	0.5603395171	0.7982328826	0.543906947	0.703946138	0.703946138	0.7082866637	0.3608820709	0.7061097305	0.4771502821
268	0.7982905954	0.5602131724	0.7982905954	0.5439752025	0.703946138	0.703946138	0.7084726861	0.3610897928	0.7062021587	0.4773318116
269	0.798367868	0.560075197	0.798367868	0.5440902691	0.703946138	0.703946138	0.7083486603	0.360951285	0.7061405372	0.4772107765
270	0.7984392373	0.5599712898	0.7984392373	0.5442065359	0.703946138	0.703946138	0.7082556695	0.3608474739	0.7060943282	0.4771200406
271	0.7984770378	0.5599048424	0.7984770378	0.5442482727	0.7041331588	0.7041331588	0.7084345349	0.3610471807	0.7062772978	0.4773375594
272	0.7985326416	0.5598165205	0.7985326416	0.5443250599	0.7041331588	0.7041331588	0.7089308874	0.3616019977	0.7065238783	0.4778221968
273	0.798695601	0.5596990794	0.798695601	0.5445608487	0.7046942211	0.7046942211	0.7094988794	0.3622380311	0.7070883884	0.4785065718
274	0.7987848078	0.5596118973	0.7987848078	0.5447184286	0.7048812418	0.7048812418	0.7093361787	0.3620557157	0.7071016935	0.4783905566
275	0.7989061225	0.5594814986	0.7989061225	0.5449111956	0.7050682626	0.7050682626	0.7095150652	0.3622561737	0.7072846745	0.4786086073
276	0.7990004509	0.5592950321	0.7990004509	0.5450529411	0.7046942211	0.7046942211	0.7094367473	0.3621683968	0.7070575317	0.478445813
277	0.7990363464	0.5591585674	0.7990363464	0.5450933445	0.7046942211	0.7046942211	0.7092504162	0.3619596542	0.7069649779	0.4782636289
278	0.7991331509	0.5590896172	0.7991331509	0.5452358802	0.7045072003	0.7045072003	0.7091646291	0.3618635927	0.7068282426	0.4781367011
279	0.7992368235	0.5589926258	0.7992368235	0.5454169989	0.7045072003	0.7045072003	0.7090094243	0.3616898704	0.7067511422	0.4779850273
280	0.7993533844	0.5588179083	0.7993533844	0.5455871092	0.7048812418	0.7048812418	0.7101443016	0.3629622496	0.707502984	0.4791812345
281	0.7993936095	0.5587461827	0.7993936095	0.5456471063	0.7054423041	0.7054423041	0.7102458426	0.3630763307	0.7078359239	0.4794102694
282	0.7994611682	0.5586597017	0.7994611682	0.5457404798	0.7052552833	0.7052552833	0.7104713257	0.3633298006	0.7078536956	0.4795879435
283	0.7995317195	0.5584588986	0.7995317195	0.5458619113	0.7058163456	0.7058163456	0.7105415342	0.3634087626	0.7081710579	0.4797864226
284	0.7995783668	0.5583831001	0.7995783668	0.5459324426	0.7063774079	0.7063774079	0.7107671392	0.3636626228	0.7085654748	0.480137291
285	0.7996448648	0.5582835326	0.7996448648	0.5460243271	0.7058163456	0.7058163456	0.710510425	0.3633737724	0.7081556066	0.479755927
286	0.7997129798	0.5581243647	0.7997129798	0.5461059771	0.7060033664	0.7060033664	0.7105027119	0.3633650977	0.7082458934	0.4797915608
287	0.7997875055	0.5580398291	0.7997875055	0.5462087026	0.7060033664	0.7060033664	0.7103472511	0.3631903021	0.7081686475	0.4796391589
288	0.7998637251	0.5579309553	0.7998637251	0.5463329955	0.7054423041	0.7054423041	0.7103080504	0.3631462405	0.7078668158	0.4794712088
289	0.7999981232	0.557769454	0.7999981232	0.5464977627	0.7056293249	0.7056293249	0.7110163603	0.3639432816	0.7083126	0.4802087311
290	0.8000567806	0.5576705629	0.8000567806	0.5465922332	0.7061903871	0.7061903871	0.7110239277	0.3639518072	0.7085989148	0.480346012
291	0.8001491161	0.5575582953	0.8001491161	0.5467131354	0.7065644287	0.7065644287	0.7113506883	0.3643201543	0.7089494803	0.4807533244
292	0.8002310809	0.5574601909	0.8002310809	0.546843914	0.7061903871	0.7061903871	0.7110550654	0.3639868903	0.7086143773	0.4803765664
293	0.8003115662	0.557393837	0.8003115662	0.5469712556	0.7067514494	0.7067514494	0.7110937133	0.3640304402	0.7089159321	0.4805442523
294	0.8003777874	0.557304215	0.8003777874	0.547063696	0.7071254909	0.7071254909	0.7116070699	0.3646094503	0.7093592021	0.4811350767
295	0.8004410854	0.5571870285	0.8004410854	0.5471567945	0.7061903871	0.7061903871	0.711148495	0.3640921801	0.7086607689	0.480468253
296	0.8004731506	0.5570745378	0.8004731506	0.5471994263	0.7065644287	0.7065644287	0.7112261161	0.36417968	0.7088876086	0.4806310031
297	0.800577637	0.5569818911	0.800577637	0.547381616	0.7071254909	0.7071254909	0.7114825068	0.3644688645	0.709297308	0.4810126582
298	0.8006402698	0.5568008009	0.8006402698	0.5474647662	0.7074995324	0.7074995324	0.7116844457	0.364696809	0.7095858188	0.4812977099
299	0.8006760571	0.5566890683	0.8006760571	0.5475178555	0.7076865532	0.7076865532	0.7117698099	0.3647932131	0.7097223085	0.4814249364
300	0.8007458192	0.5566005414	0.8007458192	0.5476456601	0.707873574	0.707873574	0.7118240157	0.3648544438	0.7098432986	0.4815215317
301	0.8007962358	0.5564978234	0.8007962358	0.547698846	0.7073125117	0.7073125117	0.711661337	0.3646707164	0.7094802603	0.4812317089
302	0.8009714554	0.556392872	0.8009714554	0.5479790307	0.707873574	0.707873574	0.7118551494	0.3648896173	0.7098587786	0.4815521628
303	0.8010463737	0.5563259004	0.8010463737	0.548089957	0.7076865532	0.7076865532	0.711800947	0.3648283841	0.7097377873	0.4814555633
304	0.8011182827	0.5562178071	0.8011182827	0.5481859601	0.7067514494	0.7067514494	0.7119660795	0.3650149715	0.709349181	0.4814012739
305	0.8011935813	0.5561347889	0.8011935813	0.548315168	0.7065644287	0.7065644287	0.7118806072	0.3649183811	0.7092125557	0.4812738854
306	0.8012756886	0.5560478763	0.8012756886	0.5484486429	0.7063774079	0.7063774079	0.7120447632	0.3651039149	0.7091997635	0.481391792
307	0.8013581331	0.5558881065	0.8013581331	0.5486166394	0.7065644287	0.7065644287	0.7120054087	0.365059426	0.7092744841	0.4813965341
308	0.8014674839	0.5557167568	0.8014674839	0.5487829182	0.7071254909	0.7071254909	0.7120122013	0.3650671044	0.7095604326	0.4815333673
309	0.8015771656	0.5555893455	0.8015771656	0.5489403378	0.7065644287	0.7065644287	0.7118806072	0.3649183811	0.7092125557	0.4812738854
310	0.8016959819	0.5554481591	0.8016959819	0.5491104447	0.7061903871	0.7061903871	0.7121466069	0.3652190734	0.7091559906	0.4814484253
311	0.8017463309	0.5553599166	0.8017463309	0.5491998522	0.7060033664	0.7060033664	0.7120610711	0.3651223523	0.70901928	0.4813209231
312	0.801767428	0.5552341656	0.801767428	0.5492334284	0.7056293249	0.7056293249	0.7119211637	0.3649642097	0.708761281	0.4810965891
313	0.8018507716	0.5551291998	0.8018507716	0.5493587756	0.7060033664	0.7060033664	0.7121547901	0.3652283282	0.709065737	0.481412995
314	0.8019388556	0.5550642928	0.8019388556	0.5495136694	0.7060033664	0.7060033664	0.7123735636	0.3654758447	0.7091741601	0.4816279663
315	0.8019973551	0.5549805643	0.8019973551	0.5496011532	0.7054423041	0.7054423041	0.7121480974	0.3652207591	0.7087793401	0.4812759171
316	0.8020821978	0.554887728	0.8020821978	0.5497227679	0.7061903871	0.7061903871	0.7128031418	0.3659623958	0.7094813562	0.4820938398
317	0.8021899901	0.5548157854	0.8021899901	0.5499035336	0.7060033664	0.7060033664	0.712842817	0.3660073686	0.7094066071	0.4820892663
318	0.8022638813	0.5547414803	0.8022638813	0.5500223286	0.7063774079	0.7063774079	0.7128260588	0.3659883721	0.7095870825	0.482159954
319	0.8023426084	0.55467549	0.8023426084	0.5501420674	0.7063774079	0.7063774079	0.713013825	0.3662012798	0.709680102	0.4823446779
320	0.8024199583	0.5545603915	0.8024199583	0.5502225215	0.7063774079	0.7063774079	0.7133269885	0.366556677	0.7098351888	0.4826528656
321	0.8025127129	0.5544770784	0.8025127129	0.5503877306	0.7067514494	0.7067514494	0.7134978817	0.3667507764	0.7101086422	0.4829084404
322	0.8025804225	0.5543894389	0.8025804225	0.5504997487	0.7069384702	0.7069384702	0.7134580022	0.3667054715	0.7101832741	0.4829128074
323	0.8026765324	0.5542482128	0.8026765324	0.5506462622	0.7065644287	0.7065644287	0.7135691285	0.3668317312	0.7100495035	0.4829349354
324	0.8027388386	0.5540689416	0.8027388386	0.5507204662	0.7056293249	0.7056293249	0.713361102	0.3665954139	0.709474149	0.4825116695
325	0.802801334	0.553978698	0.802801334	0.5508260309	0.7056293249	0.7056293249	0.7132043049	0.3664174031	0.7093965939	0.4823574533
326	0.802841908	0.5539163299	0.802841908	0.5508907214	0.7056293249	0.7056293249	0.7132670154	0.3664885867	0.7094276139	0.482419128
327	0.8028902742	0.5538214827	0.8028902742	0.5509820753	0.7058163456	0.7058163456	0.7132898575	0.3665145188	0.7095334225	0.4824852979
328	0.8030082806	0.5537227987	0.8030082806	0.5511603508	0.7058163456	0.7058163456	0.7133839252	0.3666213328	0.7095799591	0.4825778403
329	0.8030383785	0.5536346569	0.8030383785	0.5511939883	0.7054423041	0.7054423041	0.7135265536	0.3667833528	0.7094613998	0.4826306698
330	0.8030991927	0.5535360058	0.8030991927	0.5512688219	0.7054423041	0.7054423041	0.7138091682	0.3671046229	0.7096010737	0.4829087185
331	0.8031768426	0.5534145964	0.8031768426	0.5513751058	0.7054423041	0.7054423041	0.7139662731	0.3672833496	0.7096786941	0.4830633284
332	0.8032482006	0.5533053624	0.8032482006	0.5514627342	0.7056293249	0.7056293249	0.7141146889	0.3674522789	0.7098466497	0.4832532821
333	0.8033266278	0.5532158504	0.8033266278	0.55156568	0.7060033664	0.7060033664	0.7141600214	0.3675038941	0.7100582702	0.4833856201
334	0.8034496233	0.5531095116	0.8034496233	0.5517578865	0.7061903871	0.7061903871	0.7143083484	0.3676728335	0.7102261712	0.4835755907
335	0.8035230698	0.5530191431	0.8035230698	0.5518904305	0.7063774079	0.7063774079	0.7143623826	0.3677343978	0.7103474563	0.4836726854
336	0.8036498603	0.5529311549	0.8036498603	0.5521056	0.7063774079	0.7063774079	0.7143623826	0.3677343978	0.7103474563	0.4836726854
337	0.8037336024	0.5528657125	0.8037336024	0.5522494715	0.7063774079	0.7063774079	0.7144252304	0.3678060181	0.7103785266	0.4837346311
338	0.8038093586	0.5527964549	0.8038093586	0.5523775829	0.7061903871	0.7061903871	0.7143083484	0.3676728335	0.7102261712	0.4835755907
339	0.8039181297	0.5527141956	0.8039181297	0.552545755	0.7060033664	0.7060033664	0.7144743593	0.3678620152	0.7102136045	0.483695304
340	0.8039633347	0.5525897027	0.8039633347	0.5525987605	0.7061903871	0.7061903871	0.7147485652	0.368174727	0.7104437036	0.4840094854
341	0.8040549757	0.5525121741	0.8040549757	0.5527292481	0.7063774079	0.7063774079	0.7146138401	0.3680210465	0.7104717538	0.4839205637
342	0.8041222437	0.5524504328	0.8041222437	0.5528583381	0.7061903871	0.7061903871	0.7144969463	0.3678877631	0.7103193831	0.4837614503
343	0.8042377597	0.5523302503	0.8042377597	0.5530272371	0.7063774079	0.7063774079	0.714928411	0.3683799863	0.7106271867	0.4842307692
344	0.8042991263	0.5522482571	0.8042991263	0.5531156454	0.7065644287	0.7065644287	0.7150453007	0.3685134608	0.7107795676	0.484390025
345	0.8044146004	0.5521303132	0.8044146004	0.5532767971	0.7050682626	0.7050682626	0.7147707321	0.3682000195	0.7098863464	0.4837674836
346	0.8045314074	0.552030685	0.8045314074	0.5534409695	0.7058163456	0.7058163456	0.7151129063	0.3685906827	0.7104342142	0.4842807648
347	0.8045924062	0.5519373659	0.8045924062	0.5535531374	0.7063774079	0.7063774079	0.7153377674	0.3688476562	0.7108293513	0.4846346314
348	0.8046803347	0.5518254494	0.8046803347	0.5536970015	0.7060033664	0.7060033664	0.7154505677	0.3689766396	0.7106955733	0.4846578508
349	0.8047534709	0.5517243078	0.8047534709	0.5537821571	0.7063774079	0.7063774079	0.7156214427	0.3691721239	0.7109693788	0.4849146232
350	0.8048061894	0.5516415335	0.8048061894	0.5538591423	0.7067514494	0.7067514494	0.7157922184	0.3693676082	0.7112431053	0.4851713956
351	0.8048979058	0.5515558601	0.8048979058	0.5540037869	0.7073125117	0.7073125117	0.7159851457	0.3695885859	0.711622406	0.4854942234
352	0.8049529968	0.5514530554	0.8049529968	0.5540944709	0.7073125117	0.7073125117	0.7160166694	0.3696247068	0.711637976	0.4855253867
353	0.8049915912	0.5513736583	0.8049915912	0.5541566225	0.7069384702	0.7069384702	0.7159721701	0.3695737192	0.7114266438	0.4853932584
354	0.8050239496	0.5512906845	0.8050239496	0.5541954433	0.7067514494	0.7067514494	0.715918362	0.3695120759	0.7113053724	0.4852960062
355	0.8050718736	0.5511753223	0.8050718736	0.5542748519	0.7065644287	0.7065644287	0.7158329898	0.3694142955	0.7111685116	0.485167587
356	0.8051338651	0.5511181174	0.8051338651	0.5543927102	0.7065644287	0.7065644287	0.7160222935	0.3696311516	0.7112619215	0.4853545735
357	0.8052012367	0.5510505315	0.8052012367	0.5545045257	0.7067514494	0.7067514494	0.7159814504	0.3695843521	0.71133651	0.4853583355
358	0.8052895131	0.5509513992	0.8052895131	0.5546775452	0.7071254909	0.7071254909	0.7162152132	0.3698522938	0.7116413277	0.4856775851
359	0.8053297995	0.5508340047	0.8053297995	0.5547379905	0.7076865532	0.7076865532	0.7160926409	0.3697117733	0.711864782	0.4856886151
360	0.8054136178	0.5507367713	0.8054136178	0.5548651306	0.7074995324	0.7074995324	0.7161965317	0.369830873	0.7118214682	0.4857473035
361	0.8055138298	0.5506479971	0.8055138298	0.5550083737	0.7074995324	0.7074995324	0.7162280657	0.3698670317	0.7118370428	0.4857784912
362	0.8056238573	0.5505545558	0.8056238573	0.5551721037	0.7080605947	0.7080605947	0.716294591	0.3699433262	0.7121537931	0.4859765099
363	0.8057396943	0.5504651931	0.8057396943	0.5553382526	0.7073125117	0.7073125117	0.7160797251	0.3696969697	0.7116691181	0.4855877255
364	0.8058211121	0.5503994553	0.8058211121	0.5554607948	0.7071254909	0.7071254909	0.716120573	0.3697437903	0.711594607	0.4855840236
365	0.8058775286	0.5503106011	0.8058775286	0.5555430761	0.7080605947	0.7080605947	0.716357629	0.3700156372	0.7121849473	0.4860388985
366	0.805917563	0.5502201448	0.805917563	0.5555845008	0.708621657	0.708621657	0.7168968748	0.370634843	0.7127352468	0.4867052023
367	0.8060124715	0.5501546176	0.8060124715	0.5557463489	0.7084346362	0.7084346362	0.7168433002	0.3705732733	0.7126141641	0.4866080031
368	0.8060715905	0.5500395941	0.8060715905	0.5558516195	0.708621657	0.708621657	0.7172124562	0.370997748	0.7128911764	0.4870179949
369	0.8061485551	0.5499591707	0.8061485551	0.5559681352	0.708621657	0.708621657	0.7173387666	0.371143109	0.7129535673	0.4871432245
370	0.806208568	0.5498727104	0.806208568	0.5560515796	0.7095567608	0.7095567608	0.7176376491	0.3714873201	0.7135743276	0.4876606684
371	0.8063078051	0.5497955187	0.8063078051	0.5562117969	0.7091827193	0.7091827193	0.7175623671	0.3714005877	0.7133479352	0.4874975895
372	0.8063493092	0.5497131825	0.8063493092	0.5562857375	0.70936974	0.70936974	0.7176789568	0.3715349202	0.7135001576	0.4876574955
373	0.8064296442	0.5495906673	0.8064296442	0.5564039736	0.70936974	0.70936974	0.7174264075	0.3712440051	0.713375327	0.4874068363
374	0.8065134297	0.5494921341	0.8065134297	0.5565208248	0.7097437816	0.7097437816	0.7176594852	0.3715124816	0.713679685	0.4877265133
375	0.8066274157	0.5493821445	0.8066274157	0.5566959357	0.7101178231	0.7101178231	0.7181450798	0.3720725135	0.7141088937	0.4882973251
376	0.8067074735	0.5492456996	0.8067074735	0.5568309494	0.7099308023	0.7099308023	0.7180917611	0.3720109761	0.7139879623	0.4882001157
377	0.8067866738	0.5491664227	0.8067866738	0.5569601463	0.7104918646	0.7104918646	0.7183464099	0.3723049784	0.7143975484	0.488585943
378	0.8068548705	0.5490348829	0.8068548705	0.5570777597	0.7104918646	0.7104918646	0.7183148227	0.3722684958	0.7143819277	0.4885545267
379	0.8069170227	0.5489259767	0.8069170227	0.5571729191	0.7101178231	0.7101178231	0.7181450798	0.3720725135	0.7141088937	0.4882973251
380	0.806971769	0.5488300018	0.806971769	0.5572597925	0.7106788854	0.7106788854	0.7184312436	0.3724029792	0.7145340377	0.4887145521
381	0.8070633849	0.5487410151	0.8070633849	0.5573937546	0.7103048438	0.7103048438	0.7181983783	0.3721340388	0.7142298023	0.488394522
382	0.8071959526	0.548632303	0.8071959526	0.5576052371	0.7099308023	0.7099308023	0.718376194	0.3723393821	0.7141285299	0.4884828207
383	0.8072623468	0.5485641542	0.8072623468	0.557698148	0.7110529269	0.7110529269	0.7186008371	0.3725989808	0.7148069572	0.4889717703
384	0.8072868763	0.5484489755	0.8072868763	0.5577224108	0.7110529269	0.7110529269	0.7185692525	0.3725624694	0.7147913309	0.4889403292
385	0.8073841844	0.5483723074	0.8073841844	0.5578890999	0.7116139892	0.7116139892	0.7187603051	0.372783384	0.7151692952	0.489263212
386	0.8074771347	0.548289448	0.8074771347	0.5580386223	0.7110529269	0.7110529269	0.7186956076	0.372708558	0.7148538404	0.4890661178
387	0.8075281795	0.5482001068	0.8075281795	0.5581141144	0.7112399476	0.7112399476	0.7188435574	0.3728796941	0.7150215387	0.4892576869
388	0.8076079852	0.5481246798	0.8076079852	0.558255424	0.7114269684	0.7114269684	0.718959888	0.3730143165	0.7151735927	0.4894178192
389	0.8076982345	0.5480161019	0.8076982345	0.5583939216	0.7119880307	0.7119880307	0.7190559738	0.3731255513	0.7155045479	0.4896463023
390	0.8077986845	0.547917784	0.8077986845	0.5585602028	0.7123620722	0.7123620722	0.7191620616	0.3732484076	0.7157459163	0.489840535
391	0.8078779738	0.5478144563	0.8078779738	0.558666732	0.7123620722	0.7123620722	0.7189410889	0.3729925578	0.7156364602	0.4896201555
392	0.8079501259	0.5477297114	0.8079501259	0.5587741411	0.7123620722	0.7123620722	0.7190357748	0.3731021648	0.7156833659	0.4897145796
393	0.8080527375	0.5476420781	0.8080527375	0.558959667	0.7123620722	0.7123620722	0.7191620616	0.3732484076	0.7157459163	0.489840535
394	0.8081252096	0.5475687271	0.8081252096	0.5590542102	0.7116139892	0.7116139892	0.7190445935	0.373112375	0.7153099947	0.489546478
395	0.8081774123	0.5475057016	0.8081774123	0.559139745	0.7119880307	0.7119880307	0.7192455307	0.3733451015	0.71559838	0.4898353062
396	0.8082519234	0.5474090709	0.8082519234	0.5592446955	0.7125490929	0.7125490929	0.7192150755	0.3733098178	0.7158665665	0.4899376326
397	0.8082942844	0.5473313735	0.8082942844	0.55931142	0.7123620722	0.7123620722	0.7190042101	0.3730656219	0.71566773	0.4896831009
398	0.8083445609	0.5472277934	0.8083445609	0.5594062719	0.7123620722	0.7123620722	0.7191304857	0.3732118362	0.7157302777	0.4898090401
399	0.8083914644	0.5471512662	0.8083914644	0.5594712654	0.7127361137	0.7127361137	0.7192049349	0.3732980703	0.7159559128	0.4899717151
400	0.8084691306	0.5470362538	0.8084691306	0.5596014947	0.7125490929	0.7125490929	0.7191203671	0.3732001175	0.7158196492	0.4898431473
401	0.8085351941	0.5469602863	0.8085351941	0.5597321171	0.7129231345	0.7129231345	0.7192579161	0.3733594515	0.7160765154	0.4900687793
402	0.808611586	0.5468770361	0.808611586	0.559867494	0.7131101552	0.7131101552	0.7193108772	0.3734208207	0.7161970953	0.4901658311
403	0.8086498538	0.5468031225	0.8086498538	0.5599209192	0.7129231345	0.7129231345	0.7193526109	0.3734691878	0.7161234418	0.490163302
404	0.8086960648	0.5467243651	0.8086960648	0.559978004	0.713297176	0.713297176	0.719584761	0.3737383635	0.7164271733	0.4904835391
405	0.8087229915	0.546670505	0.8087229915	0.560028664	0.7134841967	0.7134841967	0.7194798449	0.3736166879	0.7164694777	0.4904229335
406	0.8088147552	0.5465653707	0.8088147552	0.5601635037	0.7131101552	0.7131101552	0.7196581736	0.3738235294	0.7163692016	0.4905126391
407	0.8088623488	0.5464701332	0.8088623488	0.5602222671	0.7134841967	0.7134841967	0.7197955378	0.3739829428	0.7166259715	0.4907383586
408	0.8089565194	0.5464010271	0.8089565194	0.5603831957	0.7136712175	0.7136712175	0.7198483954	0.374044305	0.7167464974	0.4908354235
409	0.8090302035	0.5463361541	0.8090302035	0.5605166946	0.7136712175	0.7136712175	0.7199747356	0.3741910178	0.7168091188	0.490961724
410	0.80908942	0.5462779067	0.80908942	0.5606076833	0.7134841967	0.7134841967	0.7199218925	0.374129646	0.7166885882	0.4908646423
411	0.8091714808	0.5461365209	0.8091714808	0.560718569	0.7138582383	0.7138582383	0.7199643904	0.3741790021	0.7168983123	0.4909956264
412	0.8092286256	0.5460507054	0.8092286256	0.5607808903	0.714045259	0.714045259	0.72004878	0.3742770317	0.7170344533	0.4911242604
413	0.8093007455	0.5459812733	0.8093007455	0.5608926868	0.714045259	0.714045259	0.71992248	0.3741303283	0.7169718254	0.4909979424
414	0.8093755551	0.5458559395	0.8093755551	0.5609954579	0.7142322798	0.7142322798	0.720101567	0.374338365	0.7171549148	0.4912213004
415	0.8094877764	0.5457542183	0.8094877764	0.5611869101	0.7142322798	0.7142322798	0.7201331452	0.3743750613	0.7171705747	0.4912528943
416	0.8095713533	0.5456739803	0.8095713533	0.5613188888	0.714045259	0.714045259	0.7202383131	0.3744973026	0.7171284156	0.4913138592
417	0.8096060238	0.5456337348	0.8096060238	0.5613646903	0.7144193005	0.7144193005	0.7204070086	0.3746934772	0.7174006609	0.4915712264
418	0.8096716037	0.5455908998	0.8096716037	0.5614867727	0.7146063213	0.7146063213	0.7204913198	0.3747915645	0.717536754	0.4916999099
419	0.8097703375	0.5454490434	0.8097703375	0.5616425291	0.7149803628	0.7149803628	0.7204387873	0.374730445	0.7176991967	0.4917358029
420	0.809882873	0.5453771488	0.809882873	0.5618466361	0.7146063213	0.7146063213	0.7203965486	0.3746813101	0.7174897532	0.4916050177
421	0.8099762553	0.5452861982	0.8099762553	0.5620121083	0.7146063213	0.7146063213	0.7203965486	0.3746813101	0.7174897532	0.4916050177
422	0.8100341603	0.5452188346	0.8100341603	0.562111182	0.7149803628	0.7149803628	0.720470362	0.3747671797	0.717714864	0.4917674299
423	0.8101149016	0.5451561187	0.8101149016	0.5622369506	0.7147933421	0.7147933421	0.7205124248	0.3748161224	0.7176414894	0.4917653114
424	0.8101797486	0.5449987881	0.8101797486	0.5623117664	0.7142322798	0.7142322798	0.7204806892	0.3747791953	0.717342878	0.4916006951
425	0.8102409964	0.5449008381	0.8102409964	0.5624019216	0.7146063213	0.7146063213	0.7205861159	0.3749018838	0.717583761	0.4917948388
426	0.8103329156	0.5448292654	0.8103329156	0.5625636863	0.7151673836	0.7151673836	0.7209021011	0.3752698724	0.718023292	0.49224432
427	0.8103762653	0.5447594124	0.8103762653	0.5626312963	0.7153544043	0.7153544043	0.7209863103	0.3753680079	0.7181593159	0.492373045
428	0.8104121684	0.5446964775	0.8104121684	0.5627000293	0.7157284459	0.7157284459	0.721123054	0.3755274262	0.718415623	0.4925987901
429	0.8104549081	0.5446169647	0.8104549081	0.5627553048	0.7153544043	0.7153544043	0.720765144	0.3751103266	0.7180495814	0.4921513124
430	0.8104811584	0.5445488659	0.8104811584	0.5627899512	0.7157284459	0.7157284459	0.7208071889	0.3751592981	0.7182588397	0.4922819655
431	0.8105494924	0.5444518573	0.8105494924	0.5628946109	0.7155414251	0.7155414251	0.7208177518	0.3751716023	0.7181698974	0.4922483114
432	0.8106102291	0.5443553801	0.8106102291	0.5629723644	0.7147933421	0.7147933421	0.7208916817	0.375257732	0.71782956	0.4921452485
433	0.8106921286	0.5442609393	0.8106921286	0.5630940972	0.7147933421	0.7147933421	0.72095493	0.3753314347	0.7178609147	0.4922086285
434	0.8107174116	0.5442260568	0.8107174116	0.5631345266	0.7147933421	0.7147933421	0.7208916817	0.375257732	0.71782956	0.4921452485
435	0.8107644665	0.5441561567	0.8107644665	0.5632160998	0.7151673836	0.7151673836	0.7210917855	0.3754909662	0.7181173658	0.4924344859
436	0.8108320917	0.5440859148	0.8108320917	0.5633389404	0.7149803628	0.7149803628	0.7211024395	0.3755033887	0.7180283518	0.4924008243
437	0.8109023824	0.5440061069	0.8109023824	0.5634339419	0.7157284459	0.7157284459	0.7213443242	0.375785546	0.718525412	0.49282081
438	0.8109928026	0.5439366634	0.8109928026	0.5635870853	0.7153544043	0.7153544043	0.721239238	0.3756629346	0.7182847679	0.4926266984
439	0.8110712496	0.5438429906	0.8110712496	0.5637133615	0.7151673836	0.7151673836	0.7213764994	0.3758230958	0.7182585228	0.4927200103
440	0.8111290507	0.5437372005	0.8111290507	0.5638045631	0.7159154666	0.7159154666	0.7213968377	0.3758468336	0.7186457002	0.492917847
441	0.8111646349	0.5436831846	0.8111646349	0.5638667213	0.7155414251	0.7155414251	0.7211969333	0.3756135873	0.7183580482	0.4926285972
442	0.8112029241	0.5436281868	0.8112029241	0.5639239402	0.7153544043	0.7153544043	0.7212076123	0.3756260434	0.718269084	0.4925949775
443	0.8112437837	0.5435175662	0.8112437837	0.5639763258	0.7155414251	0.7155414251	0.7213234158	0.3757611471	0.718420787	0.4927554897
444	0.8112841526	0.5434464084	0.8112841526	0.5640454041	0.7153544043	0.7153544043	0.721239238	0.3756629346	0.7182847679	0.4926266984
445	0.8113457517	0.5434050894	0.8113457517	0.5641611872	0.7155414251	0.7155414251	0.7213866737	0.3758349705	0.7184521605	0.4928189605
446	0.8114475342	0.5433314719	0.8114475342	0.5643233226	0.7155414251	0.7155414251	0.7214815814	0.37594576	0.7184992259	0.4929141974
447	0.8115034472	0.5432629181	0.8115034472	0.5644156267	0.7155414251	0.7155414251	0.721576514	0.3760566149	0.7185462975	0.493009471
448	0.8115806819	0.543171577	0.8115806819	0.5645149365	0.7151673836	0.7151673836	0.7214397997	0.3758969822	0.7182898986	0.4927835052
449	0.8116536338	0.5431045351	0.8116536338	0.5646433892	0.7155414251	0.7155414251	0.7217031297	0.3762045231	0.7186090693	0.4931365599
450	0.8116876801	0.5430376112	0.8116876801	0.5646892872	0.7151673836	0.7151673836	0.721534771	0.3760078663	0.7183369673	0.4928787781
451	0.8117398416	0.5429613982	0.8117398416	0.5647715845	0.7151673836	0.7151673836	0.7216614383	0.3761558135	0.7183997353	0.493005866
452	0.8118068931	0.5428816718	0.8118068931	0.5648714167	0.7155414251	0.7155414251	0.7219564944	0.3765006888	0.7187346456	0.4933909343
453	0.811888477	0.542804041	0.811888477	0.5650121299	0.7159154666	0.7159154666	0.7220930628	0.3766604349	0.7189909954	0.4936170213
454	0.811979187	0.5427330561	0.811979187	0.565150014	0.7157284459	0.7157284459	0.7221673755	0.3767473912	0.7189334939	0.4936472106
455	0.8120307074	0.5426451531	0.8120307074	0.5652271341	0.7161024874	0.7161024874	0.7223038778	0.3769071759	0.7191898146	0.4938733394
456	0.8120852031	0.5425606689	0.8120852031	0.5653046419	0.7164765289	0.7164765289	0.7222819099	0.376881456	0.719367507	0.4939401753
457	0.8121328911	0.5425205533	0.8121328911	0.5653907495	0.7159154666	0.7159154666	0.7220930628	0.3766604349	0.7189909954	0.4936170213
458	0.8121986567	0.542440935	0.8121986567	0.5654843637	0.7162895081	0.7162895081	0.7222295401	0.3768201495	0.7192472601	0.4938430791
459	0.8122804022	0.5423665954	0.8122804022	0.5656184989	0.7162895081	0.7162895081	0.7223245703	0.3769314044	0.7192943805	0.4939386123
460	0.8123188016	0.5423035166	0.8123188016	0.5656839369	0.7159154666	0.7159154666	0.7222514832	0.3768458358	0.7190695179	0.4937762012
461	0.8123771186	0.542231545	0.8123771186	0.5657714497	0.7161024874	0.7161024874	0.7223038778	0.3769071759	0.7191898146	0.4938733394
462	0.8124282538	0.5421551652	0.8124282538	0.5658552973	0.7159154666	0.7159154666	0.7223148708	0.3769200473	0.7191009317	0.493839902
463	0.8124665788	0.5421023391	0.8124665788	0.5659376185	0.7157284459	0.7157284459	0.722230765	0.3768215833	0.718964904	0.4937108947
464	0.8124995891	0.5420553205	0.8124995891	0.5659951097	0.7159154666	0.7159154666	0.7223148708	0.3769200473	0.7191009317	0.493839902
465	0.8125792763	0.5419610297	0.8125792763	0.5661103474	0.7161024874	0.7161024874	0.7223038778	0.3769071759	0.7191898146	0.4938733394
466	0.8126308478	0.5419112081	0.8126308478	0.56619692	0.7164765289	0.7164765289	0.7225036602	0.3771411695	0.7194774723	0.4941631732
467	0.8126714966	0.5418430316	0.8126714966	0.5662450062	0.7168505704	0.7168505704	0.7226716565	0.3773380587	0.7197493439	0.4944211545
468	0.8127948282	0.5417232708	0.8127948282	0.5664362008	0.7168505704	0.7168505704	0.7228618257	0.3775610717	0.7198436486	0.4946125556
469	0.8128392968	0.5416573941	0.8128392968	0.5665085442	0.7166635497	0.7166635497	0.7226510509	0.3773139031	0.7196448464	0.4943559311
470	0.8128856304	0.541598393	0.8128856304	0.5665871423	0.7168505704	0.7168505704	0.7228301239	0.3775238846	0.7198279295	0.4945806452
471	0.8129439937	0.5415319265	0.8129439937	0.5666729946	0.7174116327	0.7174116327	0.722986842	0.377707759	0.7201884476	0.4948719603
472	0.8129968984	0.541456292	0.8129968984	0.5667458219	0.7172246119	0.7172246119	0.722744514	0.3774234819	0.7199739831	0.4945834408
473	0.8130449909	0.5413815844	0.8130449909	0.5668279518	0.7177856742	0.7177856742	0.7229011802	0.3776072412	0.7203343453	0.4948746051
474	0.8130882761	0.5412951299	0.8130882761	0.5668954151	0.7177856742	0.7177856742	0.7229645164	0.3776815587	0.7203657875	0.4949384229
475	0.8132095506	0.5411918803	0.8132095506	0.567074844	0.717972695	0.717972695	0.7229217026	0.3776313201	0.7204386997	0.494939728
476	0.8132588309	0.5410946116	0.8132588309	0.5671532996	0.718720778	0.718720778	0.7230986091	0.3778389539	0.7209030473	0.4952957855
477	0.8132765371	0.5410071269	0.8132765371	0.5671680483	0.7183467365	0.7183467365	0.7231843089	0.3779395848	0.7207574056	0.4952933591
478	0.8133100575	0.5409338105	0.8133100575	0.5672137055	0.7183467365	0.7183467365	0.7231209836	0.3778652238	0.7207259537	0.4952294997
479	0.8133690053	0.5408664778	0.8133690053	0.5673063626	0.7183467365	0.7183467365	0.7232476453	0.378013975	0.7207888602	0.495357235
480	0.8134626967	0.5407403584	0.8134626967	0.567442947	0.7189077988	0.7189077988	0.7234038917	0.37819756	0.7211488374	0.4956482496
481	0.8135270913	0.5406786155	0.8135270913	0.5675480353	0.718720778	0.718720778	0.7234151619	0.378210806	0.7210603295	0.4956151664
482	0.8136340312	0.5405364688	0.8136340312	0.5677264918	0.718720778	0.718720778	0.7236686039	0.3785088151	0.7211862047	0.4958709677
483	0.8136863874	0.5404879556	0.8136863874	0.5678058294	0.718720778	0.718720778	0.7238270953	0.3786953094	0.721264899	0.4960309777
484	0.8137415469	0.5404016234	0.8137415469	0.5679052994	0.7192818403	0.7192818403	0.7239196755	0.3788042943	0.7215933059	0.4962580645
485	0.8137900494	0.5403203909	0.8137900494	0.5679689871	0.7192818403	0.7192818403	0.7239196755	0.3788042943	0.7215933059	0.4962580645
486	0.8138778648	0.5402358298	0.8138778648	0.5681043864	0.7190948195	0.7190948195	0.7241213272	0.3790417981	0.7215993201	0.4964172745
487	0.8139083074	0.5401386216	0.8139083074	0.5681474293	0.719468861	0.719468861	0.7242251994	0.3791642026	0.7218391952	0.4966113729
488	0.8139699479	0.5400792774	0.8139699479	0.568243702	0.719468861	0.719468861	0.7242251994	0.3791642026	0.7218391952	0.4966113729
489	0.8140293544	0.5399975983	0.8140293544	0.5683300097	0.7196558818	0.7196558818	0.724435658	0.3794123447	0.7220378596	0.4968687456
490	0.8141093301	0.5399319125	0.8141093301	0.5684617795	0.7200299233	0.7200299233	0.7246028013	0.3796095445	0.7223091248	0.4971269934
491	0.8141740175	0.5398639679	0.8141740175	0.5685715973	0.7200299233	0.7200299233	0.724539376	0.3795347003	0.7222776112	0.4970628107
492	0.8142578086	0.5398000725	0.8142578086	0.5687137875	0.7200299233	0.7200299233	0.7245710873	0.3795721187	0.7222933676	0.4970948999
493	0.8143183684	0.5397362126	0.8143183684	0.5688107718	0.7200299233	0.7200299233	0.7246028013	0.3796095445	0.7223091248	0.4971269934
494	0.8143884906	0.5396581334	0.8143884906	0.5689236854	0.7204039648	0.7204039648	0.7249284509	0.3799940811	0.7226591261	0.4975458538
495	0.8144216781	0.5396007956	0.8144216781	0.5689733731	0.7205909856	0.7205909856	0.7249484859	0.3800177532	0.722763168	0.4976107452
496	0.8144984959	0.5395377003	0.8144984959	0.5691007323	0.7207780064	0.7207780064	0.7251588487	0.3802664036	0.7229617911	0.4978684924
497	0.8145588156	0.5394840792	0.8145588156	0.5691980277	0.7205909856	0.7205909856	0.7251388619	0.3802427711	0.7228577705	0.4978036176
498	0.814593795	0.5394180698	0.814593795	0.5692374424	0.7205909856	0.7205909856	0.7252975849	0.3804304897	0.7229366249	0.4979644588
499	0.8146621301	0.5393545091	0.8146621301	0.5693314912	0.7209650271	0.7209650271	0.7254009672	0.3805528134	0.7231761947	0.4981585579
500	0.814730174	0.5392968337	0.814730174	0.5694553624	0.7205909856	0.7205909856	0.7251706009	0.3802803	0.72287354	0.4978357775
501	0.8147878781	0.5391917846	0.8147878781	0.569553999	0.7204039648	0.7204039648	0.7252776212	0.3804068734	0.722832578	0.497899567
502	0.8148108452	0.5391316504	0.8148108452	0.5695887062	0.7202169441	0.7202169441	0.7252576482	0.3803832477	0.7227285071	0.4978346584
503	0.8148769395	0.5390596722	0.8148769395	0.5696845194	0.7202169441	0.7202169441	0.7253211829	0.3804584074	0.7227600519	0.4978990239
504	0.8149318866	0.5390071812	0.8149318866	0.5697758906	0.7204039648	0.7204039648	0.7253093806	0.3804444444	0.7228483505	0.4979317477
505	0.8149834192	0.5389078144	0.8149834192	0.5698586716	0.7202169441	0.7202169441	0.7253211829	0.3804584074	0.7227600519	0.4978990239
506	0.8150501438	0.5388356204	0.8150501438	0.5699597542	0.7209650271	0.7209650271	0.7255597226	0.3807407407	0.7232550776	0.498319545
507	0.8150972613	0.5387600281	0.8150972613	0.570024216	0.7204039648	0.7204039648	0.7254046756	0.3805572021	0.7228956721	0.4980283147
508	0.8151609964	0.53870158	0.8151609964	0.5701242128	0.7211520479	0.7211520479	0.7257384055	0.380952381	0.7234379577	0.4985454781
509	0.8152058295	0.5386184439	0.8152058295	0.5702038344	0.7211520479	0.7211520479	0.7258972674	0.3811406543	0.7235168773	0.4987066736
510	0.8152574488	0.538551796	0.8152574488	0.5702777653	0.7209650271	0.7209650271	0.7257820969	0.381004151	0.7233655426	0.4985451018
511	0.8153276278	0.5384391553	0.8153276278	0.5703861585	0.7213390686	0.7213390686	0.7258535435	0.3810888252	0.7235892647	0.498707008
512	0.8153760188	0.5383634319	0.8153760188	0.570457035	0.7211520479	0.7211520479	0.7259290481	0.3811783314	0.7235326632	0.4987389252
513	0.8154359099	0.538303744	0.8154359099	0.570554508	0.7211520479	0.7211520479	0.7259926179	0.3812537077	0.7235642372	0.4988034409
514	0.8154850437	0.538247728	0.8154850437	0.57062556	0.7211520479	0.7211520479	0.726024407	0.3812914071	0.7235800253	0.498835705
515	0.815554092	0.5381862935	0.815554092	0.570738276	0.7211520479	0.7211520479	0.7260879935	0.3813668282	0.7236116034	0.4989002458
516	0.8156032217	0.5381073597	0.8156032217	0.5708143124	0.7209650271	0.7209650271	0.7261636273	0.3814565605	0.7235549896	0.4989322462
517	0.8156548819	0.5380576523	0.8156548819	0.5708913151	0.7209650271	0.7209650271	0.7262908932	0.3816076025	0.7236181606	0.4990614279
518	0.815720903	0.5379703201	0.815720903	0.5709949119	0.7220871517	0.7220871517	0.7265999484	0.3819746735	0.7243365212	0.4996441281
519	0.815809791	0.5378725738	0.815809791	0.5711322942	0.7217131102	0.7217131102	0.7265288161	0.3818901534	0.7241129565	0.4994822677
520	0.8158604186	0.5378137023	0.8158604186	0.5712079837	0.7219001309	0.7219001309	0.7265484877	0.3819135253	0.7242168506	0.4995470428
521	0.8159054126	0.5377350141	0.8159054126	0.571260187	0.722648214	0.722648214	0.7267224274	0.3821202532	0.7246795943	0.4999029691
522	0.815960639	0.5376744581	0.815960639	0.5713658842	0.7228352347	0.7228352347	0.7268055978	0.3822191456	0.7248149791	0.5000323436
523	0.8160342741	0.537615543	0.8160342741	0.5715048966	0.7228352347	0.7228352347	0.7268055978	0.3822191456	0.7248149791	0.5000323436
524	0.8160978723	0.5375301569	0.8160978723	0.571596137	0.7224611932	0.7224611932	0.7270208729	0.3824752475	0.7247338613	0.5001618437
525	0.8161769995	0.537452246	0.8161769995	0.5717172168	0.722648214	0.722648214	0.7269449953	0.3823849579	0.7247902365	0.5001294331
526	0.816220138	0.5373940213	0.816220138	0.5717894453	0.722648214	0.722648214	0.7269131915	0.3823471205	0.7247744284	0.5000970685
527	0.8162514961	0.5373417599	0.8162514961	0.5718259482	0.722648214	0.722648214	0.7270722382	0.3825363825	0.7248534758	0.5002589332
528	0.8163217083	0.5372668647	0.8163217083	0.5719433933	0.7228352347	0.7228352347	0.7269645562	0.3824082319	0.7248940149	0.5001941245
529	0.816379951	0.5372088969	0.816379951	0.5720566358	0.7220871517	0.7220871517	0.7267589815	0.3821637137	0.7244155344	0.4998058252
530	0.8164278434	0.5371601484	0.8164278434	0.5721374106	0.7220871517	0.7220871517	0.7268544348	0.3822772277	0.7244629506	0.4999028938
531	0.8164701475	0.5371019196	0.8164701475	0.5721879963	0.7222741724	0.7222741724	0.7267467901	0.3821492183	0.7245035786	0.4998382191
532	0.8165335427	0.5370187504	0.8165335427	0.5723146527	0.722648214	0.722648214	0.7268495923	0.3822714681	0.7247428143	0.500032352
533	0.8165939242	0.5369606557	0.8165939242	0.5724137445	0.7222741724	0.7222741724	0.7267467901	0.3821492183	0.7245035786	0.4998382191
534	0.8166415118	0.536916691	0.8166415118	0.5724795727	0.7224611932	0.7224611932	0.7267664017	0.3821725366	0.7246074027	0.499902944
535	0.8166974972	0.5368435937	0.8166974972	0.572550153	0.7222741724	0.7222741724	0.7267467901	0.3821492183	0.7245035786	0.4998382191
536	0.8167374553	0.5367949235	0.8167374553	0.5726157737	0.7222741724	0.7222741724	0.7267785957	0.3821870361	0.724519383	0.4998705669
537	0.8167904472	0.5367542038	0.8167904472	0.5727063661	0.7224611932	0.7224611932	0.7267982009	0.3822103493	0.7246232076	0.4999352918
538	0.8168337885	0.5366847526	0.8168337885	0.572767735	0.722648214	0.722648214	0.7269768018	0.3824228029	0.7248060453	0.5001618018
539	0.8168842251	0.5366369388	0.8168842251	0.5728454779	0.722648214	0.722648214	0.7270086112	0.3824606553	0.7248218548	0.5001941748
540	0.8169330639	0.5365902205	0.8169330639	0.5729097771	0.7228352347	0.7228352347	0.727028159	0.3824839189	0.724925634	0.5002588662
541	0.8169862292	0.536532683	0.8169862292	0.5729944017	0.7228352347	0.7228352347	0.7272190343	0.3827111595	0.725020508	0.5004531918
542	0.8170276986	0.5364647936	0.8170276986	0.5730624574	0.722648214	0.722648214	0.7272313544	0.382725832	0.7249325404	0.5004209027
543	0.8171043036	0.5363900429	0.8171043036	0.5731729574	0.7228352347	0.7228352347	0.7272508566	0.3827490592	0.7250363227	0.500485594
544	0.8171382287	0.5363208175	0.8171382287	0.5732215265	0.7230222555	0.7230222555	0.727206721	0.3826964957	0.7251084514	0.5004854683
545	0.8172179292	0.5362537629	0.8172179292	0.5733534764	0.7228352347	0.7228352347	0.7274100099	0.3829386704	0.7251154068	0.5006476684
546	0.8172501204	0.5361876756	0.8172501204	0.573404269	0.7228352347	0.7228352347	0.7273145096	0.3828248811	0.7250679543	0.5005504112
547	0.8173288206	0.5361097836	0.8173288206	0.5735353808	0.7230222555	0.7230222555	0.727556817	0.3831136656	0.7252824486	0.500842078
548	0.8173935051	0.5360497728	0.8173935051	0.573641405	0.7237703385	0.7237703385	0.7278254112	0.3834340632	0.7257922109	0.5012953368
549	0.8174663154	0.535971823	0.8174663154	0.5737665609	0.7237703385	0.7237703385	0.7278890824	0.3835100585	0.7258238674	0.5013602798
550	0.8174977195	0.5359179947	0.8174977195	0.5738155767	0.7235833177	0.7235833177	0.7279015826	0.3835249802	0.7257360266	0.5013281503
551	0.8175252343	0.535851926	0.8175252343	0.5738520875	0.7235833177	0.7235833177	0.7278697363	0.383486966	0.7257201977	0.5012956725
552	0.8175904195	0.5357773274	0.8175904195	0.5739593527	0.7239573593	0.7239573593	0.7280676135	0.3837232355	0.7260066689	0.5015873016
553	0.8176520498	0.5357245201	0.8176520498	0.5740593766	0.7248924631	0.7248924631	0.7283867616	0.3841046477	0.7266354114	0.5021375826
554	0.8177444976	0.5356374446	0.8177444976	0.5742026771	0.7245184215	0.7245184215	0.7285075876	0.3842491569	0.7265075286	0.502171236
555	0.8177721564	0.5355766149	0.8177721564	0.5742481497	0.7239573593	0.7239573593	0.7283224689	0.3840277778	0.726133354	0.5018474104
556	0.8178123196	0.5355148965	0.8178123196	0.5743263017	0.7239573593	0.7239573593	0.7283862106	0.3841039889	0.7261650322	0.5019124797
557	0.8178525656	0.5354749226	0.8178525656	0.5743907854	0.72414438	0.72414438	0.7285329314	0.384279476	0.7263320268	0.5021072424
558	0.8178899287	0.5354279536	0.8178899287	0.5744499654	0.7239573593	0.7239573593	0.7285137275	0.3842565019	0.7262283968	0.5020426691
559	0.8179660002	0.5353500519	0.8179660002	0.5745683505	0.7250794838	0.7250794838	0.7289792865	0.3848138958	0.7270241555	0.5027882246
560	0.8180513597	0.5352558881	0.8180513597	0.5746959519	0.7248924631	0.7248924631	0.7290877523	0.3849438872	0.7269840552	0.5028541775
561	0.818143049	0.535189401	0.818143049	0.5748459806	0.7247054423	0.7247054423	0.7289729936	0.3848063555	0.7268329538	0.5026918337
562	0.8181930889	0.5351512475	0.8181930889	0.5749444628	0.7248924631	0.7248924631	0.7291196476	0.3849821216	0.7269999106	0.5028867986
563	0.8182544817	0.5350881295	0.8182544817	0.5750355684	0.7256405461	0.7256405461	0.7292914368	0.3851881267	0.7274614108	0.5032425422
564	0.8183169538	0.5350013622	0.8183169538	0.5751277069	0.7256405461	0.7256405461	0.7294189743	0.3853411461	0.7275248544	0.5033731188
565	0.8183832978	0.5349056446	0.8183832978	0.5752234512	0.7254535253	0.7254535253	0.7293362047	0.3852418314	0.7273896838	0.5032433835
566	0.8184323606	0.5348539646	0.8184323606	0.5753021519	0.7256405461	0.7256405461	0.7292595594	0.3851498908	0.7274455517	0.5032099086
567	0.818474858	0.534799047	0.818474858	0.5753687537	0.7256405461	0.7256405461	0.7294189743	0.3853411461	0.7275248544	0.5033731188
568	0.8185079437	0.5347408734	0.8185079437	0.5754200496	0.7252665046	0.7252665046	0.7292215206	0.3851042701	0.7272386354	0.5030810145
569	0.8185746265	0.5346778494	0.8185746265	0.5755345333	0.7252665046	0.7252665046	0.7291258658	0.3849895761	0.7271910646	0.5029831388
570	0.8186326933	0.5346244957	0.8186326933	0.5756284983	0.7252665046	0.7252665046	0.7293172005	0.3852190325	0.7272862124	0.5031789282
571	0.8186952803	0.5345537912	0.8186952803	0.5757271963	0.7252665046	0.7252665046	0.7293172005	0.3852190325	0.7272862124	0.5031789282
572	0.8187316713	0.5344838069	0.8187316713	0.5757624417	0.7252665046	0.7252665046	0.7294448129	0.3853721554	0.7273496581	0.5033095393
573	0.8187990908	0.5344092616	0.8187990908	0.5758617812	0.7252665046	0.7252665046	0.7294448129	0.3853721554	0.7273496581	0.5033095393
574	0.8188805497	0.5343375525	0.8188805497	0.575996263	0.7252665046	0.7252665046	0.7295724699	0.3855254001	0.7274131149	0.5034402181
575	0.8189158137	0.5342604376	0.8189158137	0.5760450126	0.7250794838	0.7250794838	0.7293620013	0.3852727815	0.7272144378	0.5031797534
576	0.8189710567	0.5341645601	0.8189710567	0.5761511306	0.7252665046	0.7252665046	0.7295086358	0.3854487625	0.7273813851	0.5033748702
577	0.8190108926	0.534104694	0.8190108926	0.5762104894	0.7252665046	0.7252665046	0.7295724699	0.3855254001	0.7274131149	0.5034402181
578	0.8190326629	0.5340460129	0.8190326629	0.5762454599	0.7250794838	0.7250794838	0.7294577428	0.385387674	0.7272620239	0.5032777309
579	0.8190813867	0.5340032004	0.8190813867	0.5763236892	0.7248924631	0.7248924631	0.7292791658	0.3851734075	0.7270791979	0.5030499676
580	0.819107323	0.5339493247	0.819107323	0.5763604929	0.7243314008	0.7243314008	0.7294775798	0.3854114837	0.7268953821	0.5031176929
581	0.8191755876	0.5338855179	0.8191755876	0.5764787535	0.7248924631	0.7248924631	0.7295345403	0.3854798608	0.7272060936	0.5033112583
582	0.8192199457	0.5338253072	0.8192199457	0.5765410082	0.7247054423	0.7247054423	0.7296113935	0.3855721393	0.7271501431	0.5033448074
583	0.8192706125	0.5337581063	0.8192706125	0.5766036755	0.7247054423	0.7247054423	0.7296433429	0.3856105085	0.7271660099	0.5033775006
584	0.8192992059	0.533683633	0.8192992059	0.5766471883	0.7250794838	0.7250794838	0.7296173679	0.3855793138	0.7273413479	0.5034411115
585	0.8193666998	0.5336084405	0.8193666998	0.5767389123	0.7247054423	0.7247054423	0.7294197562	0.3853420843	0.7270549573	0.5031487373
586	0.819414525	0.5335204042	0.819414525	0.5768034957	0.7248924631	0.7248924631	0.7295345403	0.3854798608	0.7272060936	0.5033112583
587	0.8194539501	0.5334651964	0.8194539501	0.576867866	0.7247054423	0.7247054423	0.7294516887	0.3853804078	0.7270708198	0.503181405
588	0.8195149402	0.5334030391	0.8195149402	0.5769751908	0.7248924631	0.7248924631	0.7294068307	0.3853265732	0.7271426402	0.503180579
589	0.8195692964	0.5333289857	0.8195692964	0.5770571063	0.7247054423	0.7247054423	0.7294516887	0.3853804078	0.7270708198	0.503181405
590	0.8196208381	0.5332829565	0.8196208381	0.577140351	0.7248924631	0.7248924631	0.7295984118	0.3855565503	0.7272378245	0.5033766234
591	0.819714115	0.5331966189	0.819714115	0.5772932802	0.7247054423	0.7247054423	0.7296113935	0.3855721393	0.7271501431	0.5033448074
592	0.8197795495	0.5331407278	0.8197795495	0.5773961812	0.7252665046	0.7252665046	0.7298918079	0.3859090457	0.7275718053	0.5037672123
593	0.8198492138	0.5330718217	0.8198492138	0.5775061488	0.7252665046	0.7252665046	0.7300515818	0.3861011549	0.7276511765	0.5039308687
594	0.8199037103	0.5329931577	0.8199037103	0.5775842079	0.7258275669	0.7258275669	0.7302359046	0.3863229146	0.7280250625	0.5042551809
595	0.819924176	0.532951602	0.819924176	0.5776115004	0.7262016084	0.7262016084	0.7303373823	0.3864450637	0.7282636237	0.5044494966
596	0.8199562327	0.5328807968	0.8199562327	0.577645188	0.7263886291	0.7263886291	0.7304839305	0.3866215409	0.7284305238	0.5046449685
597	0.8200144602	0.5328076422	0.8200144602	0.5777303232	0.7258275669	0.7258275669	0.7302678592	0.3863613738	0.7280409428	0.5042879418
598	0.8200524901	0.5327514385	0.8200524901	0.5777786597	0.7260145876	0.7260145876	0.730446435	0.3865763792	0.7282237685	0.5045162129
599	0.8201021897	0.5326776367	0.8201021897	0.5778549862	0.7258275669	0.7258275669	0.7304916197	0.3866308029	0.7281521247	0.5045173871
600	0.8201424298	0.5326289098	0.8201424298	0.5779244164	0.7258275669	0.7258275669	0.7305235967	0.3866693235	0.7281680106	0.504550182
601	0.8202319185	0.5325470201	0.8202319185	0.5780781724	0.7256405461	0.7256405461	0.7306328093	0.3868009172	0.7281281207	0.5046169853
602	0.8202903078	0.5324856719	0.8202903078	0.5781815678	0.7260145876	0.7260145876	0.7308301971	0.3870388833	0.7284144333	0.5049099304
603	0.8203350329	0.5324178593	0.8203350329	0.578234725	0.7256405461	0.7256405461	0.7306968072	0.3868780536	0.7281598992	0.5046826223
604	0.8203906525	0.5323740305	0.8203906525	0.5783359651	0.7258275669	0.7258275669	0.7307155173	0.3869006081	0.7282633405	0.5047470412
605	0.8204428453	0.532320766	0.8204428453	0.5784161324	0.7256405461	0.7256405461	0.7309208884	0.3871482738	0.7282711461	0.5049124862
606	0.8204973999	0.5322708269	0.8204973999	0.5785064507	0.7256405461	0.7256405461	0.7307928252	0.3869938161	0.7282075723	0.5047811097
607	0.8205582821	0.5322151109	0.8205582821	0.5786098955	0.7256405461	0.7256405461	0.7306648068	0.3868394816	0.7281440096	0.5046498017
608	0.820609265	0.5321615118	0.820609265	0.5786795734	0.7256405461	0.7256405461	0.7308568512	0.3870710295	0.7282393578	0.5048467894
609	0.8206668791	0.5321153911	0.8206668791	0.5787800901	0.7256405461	0.7256405461	0.7308888684	0.3871096478	0.7282552516	0.5048796357
610	0.8207228219	0.5320206181	0.8207228219	0.5788452172	0.7260145876	0.7260145876	0.7312784295	0.3875798722	0.7286370019	0.5053700449
611	0.8207745888	0.5319401934	0.8207745888	0.5789140156	0.7260145876	0.7260145876	0.7311823334	0.3874638187	0.7285892972	0.5052713784
612	0.8208445601	0.5318661499	0.8208445601	0.579028714	0.7260145876	0.7260145876	0.7312143626	0.3875024955	0.7286051981	0.5053042629
613	0.8209212569	0.5317886724	0.8209212569	0.5791390012	0.7258275669	0.7258275669	0.7310676339	0.3873253493	0.7284381768	0.5051083491
614	0.8209453137	0.5317325291	0.8209453137	0.5791641805	0.7256405461	0.7256405461	0.7310489965	0.3873028549	0.728334731	0.505043931
615	0.820992528	0.5316895068	0.820992528	0.5792602849	0.7260145876	0.7260145876	0.7312143626	0.3875024955	0.7286051981	0.5053042629
616	0.821060658	0.5316087825	0.821060658	0.5793434651	0.7260145876	0.7260145876	0.7314706975	0.3878121878	0.72873243	0.5055674937
617	0.8211073147	0.531559454	0.8211073147	0.5794185302	0.7260145876	0.7260145876	0.7313745509	0.3876959952	0.7286847128	0.50546875
618	0.8211512818	0.5315191812	0.8211512818	0.5794978907	0.7260145876	0.7260145876	0.7314065969	0.3877347183	0.7287006179	0.5055016603
619	0.8212200535	0.5314676588	0.8212200535	0.5796155379	0.7262016084	0.7262016084	0.7315533366	0.3879120879	0.7288676488	0.5056977274
620	0.8212741315	0.5314086064	0.8212741315	0.5796988281	0.7262016084	0.7262016084	0.7314892381	0.3878345985	0.728835833	0.5056318771
621	0.8213337783	0.5313114977	0.8213337783	0.5797786038	0.7263886291	0.7263886291	0.7317000595	0.3880895284	0.7290346703	0.5058938457
622	0.8213657743	0.5312113384	0.8213657743	0.5798229075	0.7267626707	0.7267626707	0.7316729369	0.3880567206	0.7292095378	0.5059566434
623	0.8214232058	0.5311073231	0.8214232058	0.5799179812	0.7267626707	0.7267626707	0.731769063	0.3881730097	0.7292572746	0.506055476
624	0.8214878586	0.5310419869	0.8214878586	0.5800120068	0.7265756499	0.7265756499	0.7316544487	0.3880343588	0.7291062049	0.5058923107
625	0.8215366592	0.5309833617	0.8215366592	0.5800892117	0.7263886291	0.7263886291	0.7317000595	0.3880895284	0.7290346703	0.5058938457
626	0.8215703393	0.5309397088	0.8215703393	0.5801327388	0.7265756499	0.7265756499	0.7317826488	0.3881894484	0.7291698537	0.5060240964
627	0.8216483045	0.5308757575	0.8216483045	0.5802693297	0.7265756499	0.7265756499	0.7316864945	0.3880731196	0.7291221161	0.5059252507
628	0.821708128	0.5308294123	0.821708128	0.5803639484	0.7263886291	0.7263886291	0.7317321176	0.3881283102	0.7290505824	0.5059267943
629	0.8217641951	0.5307745698	0.8217641951	0.580460466	0.7265756499	0.7265756499	0.7317505946	0.3881506644	0.7291539405	0.5059911435
630	0.8218287288	0.5307093335	0.8218287288	0.5805761184	0.7271367122	0.7271367122	0.7320943843	0.3885668599	0.7296071265	0.5064808181
631	0.8218777593	0.5306406151	0.8218777593	0.580650651	0.7271367122	0.7271367122	0.7319982223	0.3884503946	0.7295593685	0.5063818703
632	0.8219222256	0.5306066921	0.8219222256	0.5807357071	0.7273237329	0.7273237329	0.7321768762	0.3886667999	0.7297422357	0.5066110858
633	0.8219676902	0.5305182866	0.8219676902	0.5808095117	0.7275107537	0.7275107537	0.7321631882	0.3886502148	0.7298295566	0.5066423548
634	0.8220291612	0.5304604073	0.8220291612	0.5808998949	0.7273237329	0.7273237329	0.7320807172	0.3885503047	0.7296944723	0.5065121125
635	0.8220726284	0.5304128263	0.8220726284	0.5809718908	0.7276977745	0.7276977745	0.7320534055	0.3885172242	0.7298690918	0.5065746648
636	0.8221048394	0.5303546438	0.8221048394	0.5810258281	0.7275107537	0.7275107537	0.7321631882	0.3886502148	0.7298295566	0.5066423548
637	0.8221563239	0.5302857104	0.8221563239	0.5811130489	0.7276977745	0.7276977745	0.7322135901	0.3887112887	0.7299486981	0.5067395976
638	0.822186062	0.5301979122	0.822186062	0.581137082	0.7275107537	0.7275107537	0.7324196602	0.3889611039	0.729956954	0.5069064373
639	0.8222209648	0.5301669418	0.8222209648	0.5811954807	0.7273237329	0.7273237329	0.7323051274	0.3888222356	0.72980593	0.5067431103
640	0.8222660008	0.5300935626	0.8222660008	0.5812744512	0.7269496914	0.7269496914	0.7322042747	0.3887	0.7295675219	0.5065485111
641	0.8223136897	0.5300420935	0.8223136897	0.5813541684	0.7273237329	0.7273237329	0.7324013454	0.3889388939	0.729853708	0.5068421739
642	0.8223634865	0.5299810732	0.8223634865	0.5814603999	0.7271367122	0.7271367122	0.7321905716	0.388683395	0.7296548908	0.5065798046
643	0.8224188672	0.5299308048	0.8224188672	0.5815531351	0.7273237329	0.7273237329	0.7322409962	0.3887445022	0.7297740814	0.5066770894
644	0.8224445802	0.5298619872	0.8224445802	0.581586923	0.7275107537	0.7275107537	0.7323875913	0.3889222156	0.7299410269	0.5068734119
645	0.822498882	0.529805159	0.822498882	0.581681397	0.7273237329	0.7273237329	0.7324655047	0.389016705	0.7298855635	0.5069082377
646	0.822537768	0.5297700303	0.822537768	0.5817448941	0.7271367122	0.7271367122	0.7323830221	0.388916675	0.7297504381	0.5067778936
647	0.8225747008	0.5297301526	0.8225747008	0.5818078153	0.7273237329	0.7273237329	0.7323692699	0.3889	0.7298377813	0.5068091484
648	0.8226193101	0.5296662009	0.8226193101	0.581878706	0.7273237329	0.7273237329	0.7323371973	0.3888611139	0.7298218553	0.5067761272
649	0.8226551183	0.5295932323	0.8226551183	0.5819170052	0.7269496914	0.7269496914	0.7323967819	0.38893336	0.7296630709	0.5067466267
650	0.8227080315	0.5295213592	0.8227080315	0.5819928792	0.7267626707	0.7267626707	0.7321538198	0.3886388639	0.7294482842	0.5064511925
651	0.822742706	0.5294771233	0.822742706	0.5820466731	0.7267626707	0.7267626707	0.7321859011	0.3886777355	0.7294642062	0.5064841968
652	0.8227703958	0.5294176041	0.8227703958	0.5820949439	0.7267626707	0.7267626707	0.7321217413	0.3886	0.729432363	0.5064181925
653	0.8228091424	0.5293781969	0.8228091424	0.5821544522	0.7265756499	0.7265756499	0.7321996098	0.3886943472	0.729376789	0.5064528745
654	0.822860027	0.529337303	0.822860027	0.5822422283	0.7267626707	0.7267626707	0.7321859011	0.3886777355	0.7294642062	0.5064841968
655	0.8229030261	0.5292735771	0.8229030261	0.5823124654	0.7267626707	0.7267626707	0.7322179853	0.388716615	0.7294801289	0.5065172054
656	0.8229456453	0.5292301703	0.8229456453	0.5823699305	0.7269496914	0.7269496914	0.7324609734	0.389011209	0.7296949261	0.5068126997
657	0.8229883477	0.5291703843	0.8229883477	0.5824401616	0.7269496914	0.7269496914	0.7325251762	0.3890890891	0.7297267841	0.5068787899
658	0.8230304492	0.5291229244	0.8230304492	0.5824929441	0.7269496914	0.7269496914	0.7325572818	0.3891280408	0.7297427141	0.5069118414
659	0.8230724763	0.5290708735	0.8230724763	0.5825569131	0.7273237329	0.7273237329	0.7327222545	0.3893282611	0.7300130132	0.5071726656
660	0.8231140391	0.529017323	0.8231140391	0.5826432298	0.7273237329	0.7273237329	0.7327222545	0.3893282611	0.7300130132	0.5071726656
661	0.8231476525	0.528973514	0.8231476525	0.5827023318	0.7275107537	0.7275107537	0.73296526	0.3896233974	0.7302278212	0.5074685278
662	0.8232025219	0.52891159	0.8232025219	0.5827804606	0.7276977745	0.7276977745	0.7329192361	0.389567481	0.7302991724	0.5074665797
663	0.8232518643	0.5288603579	0.8232518643	0.5828515688	0.7275107537	0.7275107537	0.7330295016	0.3897014626	0.7302597012	0.5075347381
664	0.8232906153	0.5288224456	0.8232906153	0.582916018	0.7276977745	0.7276977745	0.733015566	0.3896845268	0.7303469904	0.5075658753
665	0.8233397817	0.5287629312	0.8233397817	0.5830056285	0.728071816	0.728071816	0.7332766887	0.3900020036	0.7306649832	0.507926153
666	0.8233756909	0.5287139449	0.8233756909	0.5830672173	0.7282588367	0.7282588367	0.7333590367	0.3901021839	0.7308000383	0.5080566247
667	0.8234149244	0.5286716938	0.8234149244	0.5831280828	0.7282588367	0.7282588367	0.7333269186	0.3900631073	0.7307840908	0.5080234834
668	0.8234784633	0.5286072013	0.8234784633	0.5832304265	0.7282588367	0.7282588367	0.7334232814	0.3901803607	0.7308319355	0.5081229203
669	0.8235232301	0.5285574373	0.8235232301	0.5832988162	0.7278847952	0.7278847952	0.7333549599	0.3900972236	0.7306096388	0.5079613678
670	0.8235559008	0.528514123	0.8235559008	0.5833641187	0.728071816	0.728071816	0.7332766887	0.3900020036	0.7306649832	0.507926153
671	0.8236004081	0.5284744579	0.8236004081	0.5834421795	0.7282588367	0.7282588367	0.7333911576	0.3901412684	0.7308159866	0.5080897704
672	0.8236454962	0.5284222717	0.8236454962	0.5835189429	0.728819899	0.728819899	0.7336059381	0.3904027249	0.731205087	0.5084480397
673	0.8237024362	0.5283602788	0.8237024362	0.5836099712	0.728819899	0.728819899	0.7336059381	0.3904027249	0.731205087	0.5084480397
674	0.8237435363	0.5282911353	0.8237435363	0.5836586644	0.728819899	0.728819899	0.7337022999	0.3905200922	0.7312529499	0.5085475662
675	0.8237902357	0.5282387729	0.8237902357	0.5837339339	0.728819899	0.728819899	0.7336380559	0.3904418395	0.7312210406	0.5084812109
676	0.8238148719	0.5281896053	0.8238148719	0.5837693029	0.7286328782	0.7286328782	0.7334915454	0.3902634479	0.7310541391	0.5082844097
677	0.8238672236	0.5281017631	0.8238672236	0.5838514202	0.7284458575	0.7284458575	0.7336019885	0.3903979152	0.731014831	0.5083529105
678	0.8239017849	0.5280595313	0.8239017849	0.5839062613	0.7286328782	0.7286328782	0.7336521536	0.3904590098	0.7311339016	0.5084502447
679	0.8239653991	0.5279939513	0.8239653991	0.5840154401	0.728819899	0.728819899	0.7337986871	0.3906375301	0.7313008191	0.5086471318
680	0.8240099117	0.5279497483	0.8240099117	0.5840974209	0.7290069198	0.7290069198	0.7339452038	0.3908161219	0.7314677271	0.5088440702
681	0.8240423656	0.527897953	0.8240423656	0.5841470332	0.7290069198	0.7290069198	0.7339773431	0.3908553093	0.731483688	0.5088772846
682	0.8240970797	0.5278289688	0.8240970797	0.58423961	0.7293809613	0.7293809613	0.7341096217	0.3910166433	0.7317376521	0.5091051498
683	0.8241361967	0.5277852973	0.8241361967	0.5843073214	0.7299420236	0.7299420236	0.7342275624	0.3911605532	0.7320785212	0.5093637847
684	0.8242036825	0.5277107199	0.8242036825	0.5844026225	0.7301290443	0.7301290443	0.7342454336	0.3911823647	0.7321814533	0.5094278071
685	0.82423799	0.5276570171	0.82423799	0.5844537371	0.7303160651	0.7303160651	0.734423872	0.3914002205	0.7323642085	0.5096580527
686	0.8242763682	0.5276186787	0.8242763682	0.5845190668	0.7303160651	0.7303160651	0.734423872	0.3914002205	0.7323642085	0.5096580527
687	0.8243056214	0.5275901076	0.8243056214	0.5845673414	0.7303160651	0.7303160651	0.7344559955	0.3914394547	0.7323801799	0.5096913137
688	0.8243829419	0.5275256045	0.8243829419	0.5847069583	0.7303160651	0.7303160651	0.734520251	0.3915179467	0.7324121249	0.5097578487
689	0.8244503661	0.5274640568	0.8244503661	0.5848224135	0.7305030858	0.7305030858	0.7345701776	0.3915789474	0.7325309866	0.5098551103
690	0.8244903922	0.5274137075	0.8244903922	0.5848949781	0.7301290443	0.7301290443	0.73453458	0.3915354528	0.7323251865	0.5097271184
691	0.8245209681	0.5273468278	0.8245209681	0.5849419618	0.7299420236	0.7299420236	0.7345167688	0.3915136924	0.7322222508	0.5096630974
692	0.8245626505	0.5272852796	0.8245626505	0.5850029076	0.7299420236	0.7299420236	0.7345810678	0.3915922544	0.7322541983	0.5097296591
693	0.8246388132	0.5271922169	0.8246388132	0.5851194472	0.7303160651	0.7303160651	0.734841697	0.3919108792	0.7325718916	0.5100907844
694	0.8246999756	0.5271339372	0.8246999756	0.5852243231	0.7301290443	0.7301290443	0.7347917902	0.3918498444	0.7324529967	0.5099934683
695	0.8247251913	0.5270915689	0.8247251913	0.5852646288	0.7303160651	0.7303160651	0.73490602	0.3919895603	0.7326038533	0.5101574237
696	0.8248040319	0.5269991402	0.8248040319	0.5853829618	0.7306901066	0.7306901066	0.7349736066	0.3920722529	0.7328255972	0.5103187043
697	0.8248647281	0.5269446893	0.8248647281	0.5854759105	0.7303160651	0.7303160651	0.734841697	0.3919108792	0.7325718916	0.5100907844
698	0.8248643864	0.5268907466	0.8248643864	0.5854523343	0.7303160651	0.7303160651	0.7348738571	0.3919502158	0.7325878721	0.5101241019
699	0.8249398015	0.5268114296	0.8249398015	0.5855676242	0.7299420236	0.7299420236	0.7348705528	0.3919461739	0.7323979969	0.5100294022
700	0.8249713682	0.5267524135	0.8249713682	0.585622948	0.7297550028	0.7297550028	0.7348206239	0.391885106	0.7322790529	0.5099320439
701	0.8250020534	0.526720066	0.8250020534	0.5856834229	0.7297550028	0.7297550028	0.7348528068	0.3919244677	0.732295033	0.5099653663
702	0.8250565596	0.5266748666	0.8250565596	0.5857887737	0.7299420236	0.7299420236	0.7348705528	0.3919461739	0.7323979969	0.5100294022
703	0.8250797816	0.5266161324	0.8250797816	0.5858199724	0.7301290443	0.7301290443	0.7348882905	0.3919678715	0.732500937	0.5100934213
704	0.8251398388	0.526557282	0.8251398388	0.5859249815	0.7299420236	0.7299420236	0.7349027319	0.3919855378	0.732413978	0.5100627287
705	0.8252051616	0.5264911446	0.8252051616	0.586023	0.7301290443	0.7301290443	0.7352101412	0.392361809	0.7326607834	0.5104268811
706	0.8252336356	0.5264192987	0.8252336356	0.586078947	0.7299420236	0.7299420236	0.735160266	0.3923007337	0.7325418519	0.5103294979
707	0.8252657231	0.5263646606	0.8252657231	0.5861255315	0.729567982	0.729567982	0.7350282498	0.3921391234	0.7322879375	0.5101013403
708	0.8252942415	0.5263153035	0.8252942415	0.5861764352	0.7293809613	0.7293809613	0.7349461038	0.3920386007	0.7321529575	0.5099705786
709	0.8253548038	0.5262629019	0.8253548038	0.5862733343	0.729567982	0.729567982	0.7349316385	0.3920209024	0.7322399882	0.5100013074
710	0.825406858	0.5261898604	0.825406858	0.586344306	0.7299420236	0.7299420236	0.7351924705	0.3923401689	0.7325578393	0.5103628637
711	0.8254593567	0.52614283	0.8254593567	0.5864334987	0.7297550028	0.7297550028	0.7351747915	0.39231852	0.7324548714	0.5102988295
712	0.8255002509	0.5260869769	0.8255002509	0.5864904911	0.7293809613	0.7293809613	0.7349138962	0.3919991959	0.7321369755	0.5099372385
713	0.8255478049	0.5260361789	0.8255478049	0.5865564788	0.729567982	0.729567982	0.7351571043	0.3922968624	0.7323518797	0.5102347786
714	0.8255769853	0.5260049891	0.8255769853	0.5865997714	0.729567982	0.729567982	0.7351248865	0.3922574158	0.7323358931	0.5102014125
715	0.8256354457	0.5259413082	0.8256354457	0.5866967771	0.7297550028	0.7297550028	0.7353358897	0.3925158435	0.7325348168	0.5104657248
716	0.82568948	0.5258876033	0.82568948	0.5867800997	0.7299420236	0.7299420236	0.7355146704	0.3927349567	0.7327177515	0.5106967615
717	0.8257362647	0.5258459573	0.8257362647	0.5868622545	0.7297550028	0.7297550028	0.7354970585	0.3927133655	0.7326147796	0.5106327292
718	0.8258050643	0.5257860154	0.8258050643	0.5869836705	0.7301290443	0.7301290443	0.735822435	0.3931124761	0.7329646838	0.5110616573
719	0.8258528871	0.5257398261	0.8258528871	0.5870780145	0.7297550028	0.7297550028	0.7357550756	0.3930298147	0.7327427565	0.5109001637
720	0.8259004301	0.5256856282	0.8259004301	0.5871636756	0.7299420236	0.7299420236	0.7356436294	0.3928930944	0.7327817359	0.510830443
721	0.8259435777	0.5256376758	0.8259435777	0.5872303677	0.7297550028	0.7297550028	0.7356905543	0.3929506546	0.7327107581	0.5108332788
722	0.826006299	0.5255691719	0.826006299	0.587320849	0.7301290443	0.7301290443	0.7359192062	0.3932312651	0.7330126911	0.5111620295
723	0.8260582847	0.5255150715	0.8260582847	0.5873936715	0.7305030858	0.7305030858	0.7362123012	0.3935912938	0.7333465819	0.5115578548
724	0.8261178949	0.5254449788	0.8261178949	0.5874935745	0.7305030858	0.7305030858	0.7361155025	0.3934723481	0.7332985554	0.5114573786
725	0.8261640277	0.5253896465	0.8261640277	0.587571981	0.7306901066	0.7306901066	0.7362620111	0.3936523929	0.733465477	0.5116553169
726	0.8262407509	0.5252920863	0.8262407509	0.5876855105	0.7305030858	0.7305030858	0.7362445731	0.3936309584	0.7333625921	0.5115913556
727	0.8262660187	0.5252589929	0.8262660187	0.5877358591	0.7303160651	0.7303160651	0.7360980294	0.3934508816	0.7331956483	0.5113933997
728	0.8263252521	0.525188415	0.8263252521	0.5878276608	0.7308771274	0.7308771274	0.7364407757	0.3938722032	0.7336484037	0.5118868295
729	0.8264013053	0.5251115527	0.8264013053	0.5879715326	0.7310641481	0.7310641481	0.7365549784	0.3940127003	0.7337992918	0.5120513492
730	0.8264354447	0.5250542615	0.8264354447	0.5880169949	0.7312511689	0.7312511689	0.736507806	0.3939546599	0.7338700744	0.5120481928
731	0.8264656905	0.5250038204	0.8264656905	0.5880586895	0.7308771274	0.7308771274	0.736602181	0.3940707875	0.7337284867	0.5120545073
732	0.8265195613	0.5249313332	0.8265195613	0.588141669	0.7312511689	0.7312511689	0.7366368821	0.3941134966	0.7339341453	0.5121823422
733	0.8265953055	0.5248566414	0.8265953055	0.5882616412	0.7310641481	0.7310641481	0.7365872556	0.3940524194	0.7338153095	0.512084889
734	0.8266461571	0.5247990026	0.8266461571	0.588348024	0.7312511689	0.7312511689	0.7365723384	0.3940340623	0.7339021085	0.5121152587
735	0.8266654341	0.5247567694	0.8266654341	0.5883753473	0.7310641481	0.7310641481	0.7365227041	0.3939729893	0.7337832748	0.5120178139
736	0.8267209779	0.524702279	0.8267209779	0.5884711271	0.7310641481	0.7310641481	0.7365227041	0.3939729893	0.7337832748	0.5120178139
737	0.8267597205	0.5246603098	0.8267597205	0.5885363795	0.7310641481	0.7310641481	0.7365872556	0.3940524194	0.7338153095	0.512084889
738	0.8267859765	0.5246287938	0.8267859765	0.58858341	0.7314381896	0.7314381896	0.736621954	0.3940951229	0.7340209198	0.5122126907
739	0.8268424227	0.5245604791	0.8268424227	0.5886681818	0.7314381896	0.7314381896	0.736621954	0.3940951229	0.7340209198	0.5122126907
740	0.8268760617	0.5245081009	0.8268760617	0.5887127983	0.7316252104	0.7316252104	0.7366392911	0.3941164618	0.7341236893	0.5122765665
741	0.8269299843	0.524460474	0.8269299843	0.5887914107	0.7312511689	0.7312511689	0.7366368821	0.3941134966	0.7339341453	0.5121823422
742	0.8269691294	0.5243952592	0.8269691294	0.5888427232	0.7314381896	0.7314381896	0.7368801653	0.3944130698	0.7341490928	0.5124811636
743	0.8270167701	0.5243363318	0.8270167701	0.5889080393	0.7316252104	0.7316252104	0.7369943042	0.3945537065	0.7342999429	0.5126457869
744	0.8270705465	0.524279839	0.8270705465	0.5890151907	0.7316252104	0.7316252104	0.7369943042	0.3945537065	0.7342999429	0.5126457869
745	0.8271021607	0.5242414357	0.8271021607	0.5890627688	0.7312511689	0.7312511689	0.736830581	0.3943519919	0.7340302727	0.5123836981
746	0.8271495908	0.524187782	0.8271495908	0.5891266508	0.7318122312	0.7318122312	0.7369792779	0.3945351885	0.734386666	0.5126760563
747	0.8272212615	0.5241175274	0.8272212615	0.5892373139	0.7314381896	0.7314381896	0.736847879	0.3943732984	0.7341330687	0.5124475891
748	0.827234689	0.5240814419	0.827234689	0.5892580372	0.7312511689	0.7312511689	0.7369274686	0.3944713479	0.7340783458	0.5124844354
749	0.8272862941	0.5240248797	0.8272862941	0.5893432735	0.7319992519	0.7319992519	0.7372225131	0.3948350651	0.7346015978	0.5129750983
750	0.8273291486	0.5239707126	0.8273291486	0.5893960472	0.7319992519	0.7319992519	0.7372548075	0.3948748991	0.7346176301	0.5130087162
751	0.8273868799	0.5239264604	0.8273868799	0.5894985636	0.7319992519	0.7319992519	0.7372548075	0.3948748991	0.7346176301	0.5130087162
752	0.8274543518	0.52385181	0.8274543518	0.5896111542	0.7321862727	0.7321862727	0.7373042898	0.3949359427	0.7347363686	0.5131061599
753	0.8274969131	0.523800332	0.8274969131	0.5896730136	0.7321862727	0.7321862727	0.7374011781	0.3950554995	0.7347844727	0.5132070525
754	0.8275403375	0.5237683714	0.8275403375	0.5897536661	0.7323732934	0.7323732934	0.7374829279	0.3951564077	0.7349192294	0.5133381399
755	0.827596397	0.5237148028	0.827596397	0.589845897	0.7323732934	0.7323732934	0.7374829279	0.3951564077	0.7349192294	0.5133381399
756	0.8276134764	0.5236887228	0.8276134764	0.5898833759	0.7321862727	0.7321862727	0.7374657845	0.3951352442	0.7348165457	0.5132743363
757	0.8276357567	0.5236347011	0.8276357567	0.5899212183	0.7318122312	0.7318122312	0.737334528	0.3949732512	0.7345630009	0.5130457585
758	0.8276924896	0.5235738026	0.8276924896	0.5900181209	0.7325603142	0.7325603142	0.7376292561	0.3953371013	0.7350860467	0.5135365454
759	0.8277449749	0.5235168577	0.8277449749	0.5900950211	0.732747335	0.732747335	0.7377432606	0.3954779449	0.7352368111	0.5137013242
760	0.827768155	0.5234716596	0.827768155	0.5901267787	0.7325603142	0.7325603142	0.7374677722	0.395137698	0.7350058518	0.5133682831
761	0.8278119499	0.5234190469	0.8278119499	0.5901818794	0.732747335	0.732747335	0.7378401901	0.3955977383	0.7352849439	0.5138023736
762	0.8278573559	0.5233785681	0.8278573559	0.5902620767	0.732747335	0.732747335	0.7377755676	0.395517868	0.7352528546	0.513735003
763	0.8278933435	0.5233418283	0.8278933435	0.5903190622	0.7329343557	0.7329343557	0.7378249362	0.3955788836	0.7353715149	0.5138324374
764	0.8279199851	0.5232984415	0.8279199851	0.590364351	0.732747335	0.732747335	0.7376786551	0.3953981229	0.735204726	0.5136339801
765	0.8279511231	0.5232660322	0.8279511231	0.5904121249	0.732747335	0.732747335	0.7377432606	0.3954779449	0.7352368111	0.5137013242
766	0.8279925909	0.5232087797	0.8279925909	0.5904863042	0.7333083972	0.7333083972	0.7379559158	0.3957408155	0.7356248161	0.5140609636
767	0.8280426716	0.5231643342	0.8280426716	0.590569057	0.7329343557	0.7329343557	0.7379541768	0.3957386651	0.7354357005	0.5139672131
768	0.8280730709	0.5231239556	0.8280730709	0.5906204667	0.7329343557	0.7329343557	0.7381157913	0.3959385734	0.7355159483	0.5141357822
769	0.8281119811	0.5230662612	0.8281119811	0.5906711459	0.732747335	0.732747335	0.7380341255	0.3958375429	0.7353812284	0.5140045917
770	0.8281439416	0.5230217191	0.8281439416	0.5907278923	0.732747335	0.732747335	0.7380017958	0.3957975553	0.7353651792	0.5139708776
771	0.8281783284	0.5229627184	0.8281783284	0.5907774267	0.732747335	0.732747335	0.7381311314	0.3959575543	0.7354293801	0.5141057604
772	0.8282279578	0.5229193729	0.8282279578	0.5908546587	0.732747335	0.732747335	0.7381958162	0.3960376023	0.7354614848	0.5141732283
773	0.8282838714	0.5228687125	0.8282838714	0.5909451049	0.7329343557	0.7329343557	0.7383745217	0.3962588473	0.7356443812	0.5144057229
774	0.8283177314	0.5228251406	0.8283177314	0.5909878267	0.7331213765	0.7331213765	0.7385208638	0.3964401294	0.7358112147	0.514604529
775	0.8283717688	0.522771572	0.8283717688	0.5910806353	0.7331213765	0.7331213765	0.738488508	0.3964000404	0.735795155	0.5145707535
776	0.8284269412	0.5227063371	0.8284269412	0.5911595639	0.7329343557	0.7329343557	0.7384392326	0.3963389968	0.7356764964	0.5144732524
777	0.8284679293	0.5226485111	0.8284679293	0.5912301892	0.7329343557	0.7329343557	0.7383745217	0.3962588473	0.7356443812	0.5144057229
778	0.8285228149	0.5225858956	0.8285228149	0.5913224698	0.7329343557	0.7329343557	0.7384068757	0.396298918	0.7356604384	0.5144394854
779	0.828573323	0.5225253947	0.828573323	0.591401798	0.732747335	0.732747335	0.7381958162	0.3960376023	0.7354614848	0.5141732283
780	0.8286168069	0.5224821393	0.8286168069	0.5914758197	0.732747335	0.732747335	0.7381311314	0.3959575543	0.7354293801	0.5141057604
781	0.8286650222	0.5224375223	0.8286650222	0.5915548931	0.7331213765	0.7331213765	0.7382944328	0.3961596766	0.7356988112	0.5143681932
782	0.828691531	0.522377093	0.828691531	0.5915892682	0.7331213765	0.7331213765	0.7382620969	0.3961196443	0.7356827563	0.5143344486
783	0.8287434718	0.522333664	0.8287434718	0.5916693929	0.7329343557	0.7329343557	0.7383421704	0.3962187848	0.7356283246	0.5143719648
784	0.828784033	0.5222968781	0.828784033	0.5917422078	0.7329343557	0.7329343557	0.7383098221	0.3961787303	0.7356122688	0.5143382112
785	0.8288155929	0.5222512489	0.8288155929	0.5917831667	0.7329343557	0.7329343557	0.7383421704	0.3962187848	0.7356283246	0.5143719648
786	0.8288491327	0.5221799618	0.8288491327	0.591831572	0.733495418	0.733495418	0.7386193511	0.396562184	0.7360484672	0.5147995012
787	0.8289120973	0.5221213783	0.8289120973	0.5919388088	0.7333083972	0.7333083972	0.7384407263	0.3963408471	0.735865613	0.5145669291
788	0.8289628015	0.5220449007	0.8289628015	0.5920281861	0.733495418	0.733495418	0.7385870032	0.3965220908	0.7360324053	0.5147657173
789	0.8290173544	0.5219880578	0.8290173544	0.5921146061	0.7336824388	0.7336824388	0.7386362229	0.3965830975	0.7361509971	0.51486318
790	0.8290701547	0.5219397286	0.8290701547	0.592213077	0.7336824388	0.7336824388	0.7386362229	0.3965830975	0.7361509971	0.51486318
791	0.8291148831	0.5218937756	0.8291148831	0.5922877531	0.7333083972	0.7333083972	0.7385701167	0.3965011629	0.7359298521	0.5147020215
792	0.8291540087	0.5218526606	0.8291540087	0.5923534929	0.7340564803	0.7340564803	0.7387022736	0.3966649823	0.7363720494	0.515024275
793	0.8292111719	0.5217846425	0.8292111719	0.592438401	0.7338694595	0.7338694595	0.7388148013	0.3968045303	0.7363338271	0.5150958257
794	0.8292697622	0.5217233418	0.8292697622	0.5925300639	0.7338694595	0.7338694595	0.7388471527	0.3968446602	0.7363498939	0.5151296357
795	0.8292866155	0.5216843654	0.8292866155	0.5925578602	0.7333083972	0.7333083972	0.7386024714	0.3965412621	0.7359459136	0.5147358057
796	0.8293313045	0.5216342112	0.8293313045	0.5926296304	0.7338694595	0.7338694595	0.7388148013	0.3968045303	0.7363338271	0.5150958257
797	0.8293592332	0.5215954727	0.8293592332	0.5926752846	0.7338694595	0.7338694595	0.7389442238	0.3969650986	0.7363980988	0.5152310924
798	0.8293932447	0.5215397826	0.8293932447	0.5927196592	0.7336824388	0.7336824388	0.7389274207	0.3969442477	0.7362955892	0.5151674327
799	0.8294355212	0.5214902982	0.8294355212	0.5927980632	0.733495418	0.733495418	0.7387811332	0.3967627719	0.7361287873	0.5149684874
800	0.8294965435	0.5214367997	0.8294965435	0.5928972862	0.7331213765	0.7331213765	0.7387150581	0.3966808338	0.7359075879	0.5148072756
801	0.8295406297	0.521386429	0.8295406297	0.592970328	0.7333083972	0.7333083972	0.7388290336	0.396822184	0.736058364	0.5149724192
802	0.8295904153	0.5213261245	0.8295904153	0.5930576154	0.7331213765	0.7331213765	0.7387474337	0.3967209797	0.7359236526	0.5148410822
803	0.8296160261	0.5212903779	0.8296160261	0.5931016464	0.733495418	0.733495418	0.7387487711	0.3967226381	0.7361127219	0.5149346813
804	0.8296670096	0.5212266732	0.8296670096	0.5931726526	0.7336824388	0.7336824388	0.7388303293	0.3968237912	0.7362473855	0.5150659752
805	0.8297133304	0.5211747158	0.8297133304	0.5932596194	0.7336824388	0.7336824388	0.7389274207	0.3969442477	0.7362955892	0.5151674327
806	0.8297665981	0.5211123781	0.8297665981	0.5933421476	0.7336824388	0.7336824388	0.7389921625	0.3970245927	0.7363277286	0.5152350932
807	0.8298046199	0.5210776893	0.8298046199	0.593416339	0.733495418	0.733495418	0.7389753652	0.3970037453	0.7362251945	0.5151714173
808	0.8298407808	0.5210320145	0.8298407808	0.5934758824	0.7338694595	0.7338694595	0.7390413204	0.3970856102	0.7364463099	0.5153325891
809	0.8298909832	0.5209590345	0.8298909832	0.593549948	0.7336824388	0.7336824388	0.7390569157	0.3971049701	0.7363598707	0.5153027716
810	0.8299434003	0.5209059902	0.8299434003	0.5936240499	0.7338694595	0.7338694595	0.7393651602	0.3974878444	0.7366070594	0.5156712005
811	0.8299648128	0.5208431742	0.8299648128	0.5936595571	0.7340564803	0.7340564803	0.7393494774	0.3974683544	0.7366934717	0.5157009591
812	0.8300192851	0.5207881905	0.8300192851	0.5937467124	0.7336824388	0.7336824388	0.7392188482	0.3973060563	0.7364402382	0.5154720452
813	0.830031981	0.5207459151	0.830031981	0.5937610346	0.7336824388	0.7336824388	0.7392188482	0.3973060563	0.7364402382	0.5154720452
814	0.8300830281	0.5206992817	0.8300830281	0.5938534464	0.7340564803	0.7340564803	0.7394142602	0.3975488707	0.7367256293	0.5157687254
815	0.8301202487	0.5206570998	0.8301202487	0.5939161773	0.734243501	0.734243501	0.7393985667	0.3975293641	0.7368120172	0.5157984629
816	0.8301771616	0.5205852074	0.8301771616	0.5940021015	0.7346175425	0.7346175425	0.7394643146	0.3976110942	0.7370329605	0.5159595429
817	0.8301952784	0.5205421309	0.8301952784	0.5940153805	0.7348045633	0.7348045633	0.7396104749	0.3977928521	0.7371996866	0.5161586968
818	0.8302279727	0.5204759067	0.8302279727	0.5940687007	0.7349915841	0.7349915841	0.739789003	0.3980149889	0.7373824906	0.5163918271
819	0.8302644021	0.5204228082	0.8302644021	0.5941159306	0.7348045633	0.7348045633	0.7397400113	0.397954016	0.7372640276	0.5162943495
820	0.8302973587	0.5203800863	0.8302973587	0.5941639278	0.7349915841	0.7349915841	0.7398861732	0.3981359538	0.7374307569	0.516493626
821	0.8303279564	0.5203324978	0.8303279564	0.5942145427	0.7348045633	0.7348045633	0.7399019955	0.3981556546	0.7373444696	0.5164640158
822	0.8303700769	0.520297034	0.8303700769	0.5942858495	0.7348045633	0.7348045633	0.7399019955	0.3981556546	0.7373444696	0.5164640158
823	0.8304202005	0.5202420318	0.8304202005	0.5943605254	0.7348045633	0.7348045633	0.7398371933	0.3980749747	0.7373122907	0.5163961359
824	0.8304575789	0.5201823492	0.8304575789	0.5944069638	0.7348045633	0.7348045633	0.7399992201	0.3982767359	0.7373927432	0.5165658691
825	0.8305025033	0.5201443924	0.8305025033	0.5944913288	0.7346175425	0.7346175425	0.7400475036	0.3983368827	0.7373225261	0.5165702262
826	0.8305435127	0.5200879193	0.8305435127	0.5945469432	0.7344305218	0.7344305218	0.7400633821	0.3983566646	0.7372361926	0.5165406116
827	0.8305890572	0.5200006453	0.8305890572	0.5946113429	0.7348045633	0.7348045633	0.7403559291	0.3987213314	0.7375698007	0.516939675
828	0.8306054893	0.5199655534	0.8306054893	0.5946235457	0.7348045633	0.7348045633	0.7403234868	0.3986808727	0.737553701	0.5169056703
829	0.8306505779	0.5199224391	0.8306505779	0.5947012585	0.7351786048	0.7351786048	0.740356449	0.3987219799	0.7377584421	0.5170327502
830	0.8307046962	0.5198615161	0.8307046962	0.594808867	0.7353656256	0.7353656256	0.7403729187	0.398742521	0.7378607771	0.5170962651
831	0.8307486698	0.5198205964	0.8307486698	0.5948925647	0.7351786048	0.7351786048	0.7404213092	0.3988028812	0.7377906435	0.517100763
832	0.8307832418	0.5197429994	0.8307832418	0.5949403274	0.7353656256	0.7353656256	0.7404053406	0.3987829615	0.7378768778	0.517130269
833	0.8308179829	0.5196683204	0.8308179829	0.5949818064	0.7353656256	0.7353656256	0.7402756701	0.398621249	0.737812479	0.5169942805
834	0.8308704749	0.5196233651	0.8308704749	0.5950662336	0.7355526463	0.7355526463	0.7403245591	0.3986822098	0.7379308883	0.5170917697
835	0.830927003	0.5195770614	0.830927003	0.5951630694	0.7353656256	0.7353656256	0.7403080835	0.3986616648	0.7378285777	0.5170282709
836	0.8309636224	0.5195062048	0.8309636224	0.5952201088	0.7355526463	0.7355526463	0.7403245591	0.3986822098	0.7379308883	0.5170917697
837	0.8310144535	0.5194559931	0.8310144535	0.59530418	0.7357396671	0.7357396671	0.740341027	0.3987027465	0.7380331752	0.5171552517
838	0.8310610957	0.5194029387	0.8310610957	0.5953862188	0.7357396671	0.7357396671	0.7403086273	0.3986623429	0.7380170758	0.5171212619
839	0.8310920223	0.5193445784	0.8310920223	0.5954241873	0.7355526463	0.7355526463	0.7402273479	0.3985610053	0.7378825933	0.5169898127
840	0.8311394979	0.5192949073	0.8311394979	0.595511561	0.7355526463	0.7355526463	0.7403245591	0.3986822098	0.7379308883	0.5170917697
841	0.8311993484	0.5192256756	0.8311993484	0.5956061139	0.7355526463	0.7355526463	0.7404217958	0.3988034881	0.7379791895	0.5171937668
842	0.8312425314	0.5191826947	0.8312425314	0.5956747823	0.7355526463	0.7355526463	0.7404217958	0.3988034881	0.7379791895	0.5171937668
843	0.8312830666	0.5191396548	0.8312830666	0.5957541914	0.7359266879	0.7359266879	0.7405519047	0.3989658319	0.7382320518	0.5174227482
844	0.8313181744	0.5190818222	0.8313181744	0.595809745	0.7361137086	0.7361137086	0.7405683166	0.3989863153	0.7383342937	0.5174861951
845	0.8313489914	0.5190417828	0.8313489914	0.5958693245	0.7361137086	0.7361137086	0.7406007227	0.399026764	0.7383503987	0.5175202156
846	0.8314209331	0.5189605568	0.8314209331	0.5959757487	0.7361137086	0.7361137086	0.7406331315	0.3990672209	0.7383665045	0.5175542406
847	0.8314593165	0.5189270896	0.8314593165	0.5960449077	0.7361137086	0.7361137086	0.7406331315	0.3990672209	0.7383665045	0.5175542406
848	0.83151369	0.518860689	0.83151369	0.5961117418	0.7364877501	0.7364877501	0.7407307044	0.3991890522	0.7386031338	0.5177491454
849	0.8315616115	0.5187911893	0.8315616115	0.5961753893	0.7363007294	0.7363007294	0.7407467454	0.3992090854	0.738517046	0.5177197712
850	0.8315790128	0.5187344202	0.8315790128	0.5961986522	0.7364877501	0.7364877501	0.7408279242	0.3993104847	0.7386514617	0.5178512723
851	0.831632455	0.5186791388	0.831632455	0.5962814377	0.7368617917	0.7368617917	0.74108745	0.3996348514	0.73896858	0.5182164935
852	0.8316517299	0.518643208	0.8316517299	0.5963087401	0.7370488124	0.7370488124	0.7411685551	0.3997362816	0.739102943	0.5183480205
853	0.831676793	0.5185907657	0.831676793	0.5963345016	0.7368617917	0.7368617917	0.74108745	0.3996348514	0.73896858	0.5182164935
854	0.831727557	0.5185455203	0.831727557	0.5964206991	0.7368617917	0.7368617917	0.74108745	0.3996348514	0.73896858	0.5182164935
855	0.831761757	0.5184866136	0.831761757	0.5964675787	0.7368617917	0.7368617917	0.74108745	0.3996348514	0.73896858	0.5182164935
856	0.831789135	0.5184327241	0.831789135	0.5964999176	0.7368617917	0.7368617917	0.7410226215	0.3995537978	0.7389363494	0.518148343
857	0.8318365701	0.5183861857	0.8318365701	0.5965764448	0.7372358332	0.7372358332	0.7413144722	0.3999188394	0.7392695271	0.5185477506
858	0.8318679153	0.518329905	0.8318679153	0.5966147405	0.7374228539	0.7374228539	0.7413631102	0.3999797119	0.7393877326	0.5186451825
859	0.8319021445	0.5182778869	0.8319021445	0.596659288	0.7376098747	0.7376098747	0.7415089805	0.4001623377	0.7395542884	0.5188449648
860	0.8319343953	0.5182309169	0.8319343953	0.5967008673	0.7370488124	0.7370488124	0.7413955364	0.4000203004	0.7392157846	0.5185867491
861	0.8319842086	0.5181831668	0.8319842086	0.596785457	0.7370488124	0.7370488124	0.7415253024	0.4001827782	0.739280281	0.5187232642
862	0.8320322044	0.5181281534	0.8320322044	0.5968617445	0.7370488124	0.7370488124	0.7415253024	0.4001827782	0.739280281	0.5187232642
863	0.8320789286	0.5180908038	0.8320789286	0.5969429176	0.7374228539	0.7374228539	0.741654974	0.4003452127	0.7395328592	0.5189523559
864	0.8321264358	0.5180446861	0.8321264358	0.5970219995	0.7370488124	0.7370488124	0.741557751	0.4002234183	0.7392964068	0.5187574042
865	0.83218607	0.5179832885	0.83218607	0.5971307537	0.7368617917	0.7368617917	0.7415091121	0.4001625025	0.7391781474	0.5186599092
866	0.8322076263	0.5179118637	0.8322076263	0.597140161	0.7366747709	0.7366747709	0.7414929143	0.4001422186	0.7390759902	0.5185965374
867	0.8322581794	0.517848072	0.8322581794	0.5972184797	0.7366747709	0.7366747709	0.7416227804	0.400304878	0.7391404949	0.518733127
868	0.8322803143	0.5178115351	0.8322803143	0.5972497878	0.7368617917	0.7368617917	0.7416064869	0.4002844661	0.739226526	0.5187623436
869	0.832344933	0.5177392226	0.832344933	0.5973567435	0.7366747709	0.7366747709	0.7414929143	0.4001422186	0.7390759902	0.5185965374
870	0.8323731078	0.5176813835	0.8323731078	0.597391766	0.7368617917	0.7368617917	0.7415740258	0.4002438033	0.7392103991	0.5187281943
871	0.8324331822	0.5176341735	0.8324331822	0.5975070512	0.7372358332	0.7372358332	0.7417686374	0.4004876562	0.7394952893	0.5190256748
872	0.8324711512	0.5175958724	0.8324711512	0.5975662968	0.7376098747	0.7376098747	0.7418982377	0.4006501422	0.7397478413	0.5192548219
873	0.8325256758	0.5175426842	0.8325256758	0.5976665142	0.7374228539	0.7374228539	0.741882138	0.4006299533	0.7396457748	0.5191915202
874	0.8325825765	0.5174927232	0.8325825765	0.5977720889	0.7372358332	0.7372358332	0.7416388191	0.4003249721	0.7394307717	0.5188890351
875	0.8326542896	0.5174348003	0.8326542896	0.5979108814	0.7372358332	0.7372358332	0.7418660309	0.4006097561	0.7395436848	0.5191282018
876	0.8327042418	0.5173776769	0.8327042418	0.5979959732	0.7372358332	0.7372358332	0.742093382	0.4008949456	0.7396566324	0.5193675889
877	0.8327506143	0.5173340815	0.8327506143	0.5980727824	0.7374228539	0.7374228539	0.7421419245	0.4009558674	0.7397748635	0.5194651209
878	0.8327789938	0.5173072668	0.8327789938	0.5981190349	0.7376098747	0.7376098747	0.7421904488	0.4010167768	0.7398930724	0.51956264
879	0.8328028576	0.5172696395	0.8328028576	0.5981517137	0.7376098747	0.7376098747	0.742222931	0.4010575554	0.7399092127	0.5195968645
880	0.8328463348	0.5172293485	0.8328463348	0.5982280248	0.7376098747	0.7376098747	0.7420605488	0.4008537453	0.7398285182	0.5194257869
881	0.8328827572	0.5171815056	0.8328827572	0.5982813081	0.7379839162	0.7379839162	0.7421575745	0.4009755106	0.740064861	0.5196207532
882	0.832935081	0.517123337	0.832935081	0.5983580051	0.7379839162	0.7379839162	0.7421575745	0.4009755106	0.740064861	0.5196207532
883	0.8329659696	0.5170878756	0.8329659696	0.5984060205	0.7376098747	0.7376098747	0.7421254931	0.4009352445	0.7398607939	0.5194942044
884	0.8330186129	0.5170177992	0.8330186129	0.5984739225	0.7379839162	0.7379839162	0.7422874426	0.4011385585	0.7401294237	0.5197576396
885	0.8330778438	0.5169663903	0.8330778438	0.5985759916	0.73891902	0.73891902	0.7425620624	0.4014835891	0.740736062	0.5202791678
886	0.8330946176	0.5169222971	0.8330946176	0.5986026041	0.7387319993	0.7387319993	0.7424812115	0.4013819734	0.7406018604	0.5201474849
887	0.8331351877	0.5168652429	0.8331351877	0.5986582901	0.7383579577	0.7383579577	0.7424492987	0.4013418725	0.7403979762	0.5200210748
888	0.8331858769	0.5168041589	0.8331858769	0.598747542	0.7387319993	0.7387319993	0.7425461307	0.4014635634	0.7406341545	0.5202159884
889	0.8332367587	0.5167342448	0.8332367587	0.5988153681	0.73891902	0.73891902	0.7423998197	0.4012797075	0.7406553303	0.5201079444
890	0.8332639288	0.5167004491	0.8332639288	0.5988553166	0.73891902	0.73891902	0.7424647083	0.4013612353	0.7406876208	0.5201764202
891	0.8333290166	0.5166308391	0.8333290166	0.5989439224	0.73891902	0.73891902	0.7424971568	0.4014020116	0.7407037672	0.5202106649
892	0.8334031043	0.5165713931	0.8334031043	0.5990846282	0.73891902	0.73891902	0.7425620624	0.4014835891	0.740736062	0.5202791678
893	0.8334358007	0.5165288786	0.8334358007	0.5991525174	0.7391060408	0.7391060408	0.7426104369	0.4015444015	0.7408540947	0.5203765883
894	0.8334826309	0.516480257	0.8334826309	0.5992358936	0.7391060408	0.7391060408	0.74264289	0.4015852048	0.7408702442	0.5204108507
895	0.8335147722	0.5164246079	0.8335147722	0.599288528	0.7392930615	0.7392930615	0.742821067	0.4018093108	0.7410528653	0.5206453737
896	0.8335551215	0.5163757326	0.8335551215	0.5993551012	0.7392930615	0.7392930615	0.7426912423	0.4016460069	0.7409882559	0.5205082626
897	0.8335808524	0.5163477923	0.8335808524	0.5994019652	0.7394800823	0.7394800823	0.7427720244	0.4017476123	0.7411223978	0.5206399368
898	0.8336132028	0.5162996005	0.8336132028	0.5994520577	0.739667103	0.739667103	0.7429176853	0.4019308943	0.7412888307	0.5208401923
899	0.8336487698	0.5162569159	0.8336487698	0.5995073862	0.7398541238	0.7398541238	0.7429659673	0.4019916675	0.7414067803	0.5209375823
900	0.8337097541	0.5161960466	0.8337097541	0.5996041474	0.7398541238	0.7398541238	0.7429335188	0.401950823	0.7413906237	0.5209032853
901	0.8337376981	0.5161536638	0.8337376981	0.5996445132	0.7394800823	0.7394800823	0.7428693852	0.4018701088	0.741170859	0.5207427894
902	0.8337792793	0.5161136088	0.8337792793	0.5997134517	0.7398541238	0.7398541238	0.7428686304	0.4018691589	0.7413583127	0.5208347048
903	0.8338349027	0.5160508658	0.8338349027	0.5998017498	0.7394800823	0.7394800823	0.7427071314	0.4016659894	0.7410900939	0.520571391
904	0.8338868892	0.5159875344	0.8338868892	0.5998902813	0.739667103	0.739667103	0.7429176853	0.4019308943	0.7412888307	0.5208401923
905	0.8339186297	0.5159264613	0.8339186297	0.5999369072	0.7394800823	0.7394800823	0.7428693852	0.4018701088	0.741170859	0.5207427894
906	0.8339662172	0.51587001	0.8339662172	0.6000077665	0.7404151861	0.7404151861	0.7430134034	0.4020513862	0.7417120193	0.5211267606
907	0.8340110403	0.5158312553	0.8340110403	0.6000853992	0.7404151861	0.7404151861	0.7430458342	0.4020922202	0.7417281777	0.521161061
908	0.8340385612	0.5157813226	0.8340385612	0.6001294681	0.7404151861	0.7404151861	0.7430458342	0.4020922202	0.7417281777	0.521161061
909	0.8340881695	0.5157310982	0.8340881695	0.6002096671	0.7407892276	0.7407892276	0.7431098281	0.4021728094	0.7419477133	0.5213214004
910	0.8341587878	0.5156645203	0.8341587878	0.600324252	0.7407892276	0.7407892276	0.7434666356	0.4026224842	0.7421255167	0.5216990451
911	0.8342229962	0.5155882238	0.8342229962	0.6004202769	0.7406022068	0.7406022068	0.7433860209	0.4025208376	0.7419915028	0.5215673362
912	0.8342652688	0.5155427941	0.8342652688	0.600498097	0.7407892276	0.7407892276	0.7434990896	0.4026634136	0.7421416849	0.5217334036
913	0.8343287296	0.5154883055	0.8343287296	0.6005967547	0.7407892276	0.7407892276	0.7435640061	0.4027452974	0.7421740234	0.5218021341
914	0.8343763127	0.5154205468	0.8343763127	0.6006580845	0.7406022068	0.7406022068	0.7436782196	0.4028894089	0.7421370259	0.5218766473
915	0.8344023174	0.5153755319	0.8344023174	0.6006937428	0.7406022068	0.7406022068	0.7437107003	0.4029304029	0.7421531986	0.5219110379
916	0.8344564336	0.5153152562	0.8344564336	0.6007855612	0.7407892276	0.7407892276	0.7437263471	0.4029501526	0.7422548818	0.5219740397
917	0.834497927	0.5152654957	0.834497927	0.6008550326	0.7407892276	0.7407892276	0.7438237858	0.4030731658	0.7423034054	0.5220772374
918	0.8345367217	0.5152261779	0.8345367217	0.600929737	0.7411632691	0.7411632691	0.7439524399	0.4032356532	0.7425552354	0.522306425
919	0.8345650962	0.5151631394	0.8345650962	0.6009706011	0.7409762484	0.7409762484	0.7440668131	0.403380167	0.7425183148	0.5223811721
920	0.8345935422	0.5151061719	0.8345935422	0.6010012621	0.7411632691	0.7411632691	0.7441473628	0.4034819792	0.7426523183	0.52251302
921	0.8346188127	0.5150498255	0.8346188127	0.6010358313	0.7415373106	0.7415373106	0.7442759006	0.4036445078	0.7429040818	0.5227422544
922	0.8346495546	0.5150180388	0.8346495546	0.6010833875	0.7413502899	0.7413502899	0.7442603852	0.4036248854	0.7428024873	0.5226793249
923	0.8347214464	0.5149361281	0.8347214464	0.6012126393	0.7417243314	0.7417243314	0.7441939707	0.4035409035	0.7429570987	0.5227018122
924	0.8347481904	0.5148740453	0.8347481904	0.6012447567	0.7419113522	0.7419113522	0.7443718693	0.4037659033	0.743139574	0.5229369892
925	0.8348114168	0.5148125003	0.8348114168	0.601350439	0.7419113522	0.7419113522	0.744241962	0.4036015871	0.7430748296	0.5227991566
926	0.834860155	0.5147518272	0.834860155	0.6014243684	0.7424724144	0.7424724144	0.7444182886	0.4038246364	0.7434440782	0.5231255765
927	0.8348933464	0.5147193041	0.8348933464	0.6014814347	0.7424724144	0.7424724144	0.7444832182	0.4039068064	0.7434764567	0.5231945177
928	0.8349209372	0.5146757194	0.8349209372	0.6015203971	0.7422853937	0.7422853937	0.7444028226	0.4038050666	0.7433426003	0.5230627306
929	0.8349855744	0.5145933485	0.8349855744	0.6016152379	0.7420983729	0.7420983729	0.7443548753	0.4037444037	0.7432249114	0.5229654036
930	0.8350113342	0.514563571	0.8350113342	0.601659132	0.7422853937	0.7422853937	0.7444028226	0.4038050666	0.7433426003	0.5230627306
931	0.8350650512	0.5145073819	0.8350650512	0.6017393896	0.7420983729	0.7420983729	0.7445172748	0.4039499135	0.7433058559	0.5231377719
932	0.8351084292	0.5144406183	0.8351084292	0.601805512	0.7419113522	0.7419113522	0.7445993161	0.4040537788	0.7432529039	0.5231783712
933	0.8351727171	0.5143769723	0.8351727171	0.6019203393	0.7417243314	0.7417243314	0.7444213662	0.4038285307	0.7430704015	0.522943038
934	0.8352246699	0.514319909	0.8352246699	0.6020050578	0.7415373106	0.7415373106	0.7444383885	0.4038500713	0.7429850177	0.522914606
935	0.8352761996	0.514269152	0.8352761996	0.6020966251	0.7413502899	0.7413502899	0.7443903972	0.403789345	0.7428672332	0.5228171986
936	0.8353108259	0.5142211346	0.8353108259	0.6021533236	0.7417243314	0.7417243314	0.7444863618	0.4039107852	0.7431027801	0.5230120005
937	0.8353480966	0.5141656393	0.8353480966	0.6022057941	0.7420983729	0.7420983729	0.7445822544	0.4040321759	0.7433382387	0.5232067511
938	0.8353810584	0.5141280127	0.8353810584	0.6022537531	0.7419113522	0.7419113522	0.7446318199	0.4040949374	0.7432690967	0.5232128726
939	0.8353953486	0.5141100172	0.8353953486	0.6022802094	0.7420983729	0.7420983729	0.7447122478	0.4041968015	0.7434030127	0.5233447639
940	0.8354163197	0.5140593429	0.8354163197	0.6023054702	0.7420983729	0.7420983729	0.7446147485	0.4040733198	0.7433544311	0.5232412474
941	0.8354452619	0.5140024765	0.8354452619	0.6023453673	0.7419113522	0.7419113522	0.7445668152	0.4040126286	0.7432367118	0.5231438745
942	0.835466689	0.5139692879	0.835466689	0.6023761124	0.7420983729	0.7420983729	0.7448097725	0.4043203587	0.7434516006	0.5234483214
943	0.8355242078	0.513902954	0.8355242078	0.6024680088	0.7424724144	0.7424724144	0.7450355778	0.4046066042	0.7437517878	0.5237812521
944	0.8355414935	0.5138650041	0.8355414935	0.6024872847	0.7426594352	0.7426594352	0.7450509066	0.4046260444	0.7438532488	0.5238440736
945	0.8355880534	0.513814384	0.8355880534	0.6025615249	0.742846456	0.742846456	0.7451637476	0.4047691837	0.7440032974	0.5240105541
946	0.8356336163	0.5137528398	0.8356336163	0.6026334783	0.742846456	0.742846456	0.7451637476	0.4047691837	0.7440032974	0.5240105541
947	0.8356757348	0.5137110444	0.8356757348	0.6026979096	0.742846456	0.742846456	0.7452938129	0.4049342441	0.744068122	0.5241488519
948	0.8357161852	0.5136482502	0.8357161852	0.6027581132	0.742846456	0.742846456	0.7454239236	0.4050994391	0.7441329579	0.5242872228
949	0.8357604657	0.513590471	0.8357604657	0.602830175	0.7430334767	0.7430334767	0.7454716909	0.4051601061	0.7442505869	0.5243846103
950	0.8358000054	0.5135360365	0.8358000054	0.6028881308	0.743594539	0.743594539	0.7456799254	0.4054246966	0.7446357721	0.5247459417
951	0.835856531	0.5134798157	0.835856531	0.6029879018	0.7434075182	0.7434075182	0.7456972795	0.4054467564	0.7445506384	0.5247178404
952	0.8358897089	0.5134271562	0.8358897089	0.6030416212	0.743594539	0.743594539	0.745777507	0.4055487556	0.7446844232	0.5248498449
953	0.8359463088	0.5133708274	0.8359463088	0.6031288725	0.743594539	0.743594539	0.7458425756	0.4056315038	0.7447168608	0.5249191366
954	0.8360210426	0.5132969239	0.8360210426	0.6032476627	0.7432204975	0.7432204975	0.7457146432	0.4054688297	0.7444654814	0.524689728
955	0.8360609476	0.5132419563	0.8360609476	0.6033175688	0.7432204975	0.7432204975	0.7457797336	0.4055515869	0.7444979162	0.5247590123
956	0.8361124101	0.5131834989	0.8361124101	0.6034000379	0.7434075182	0.7434075182	0.7457298136	0.4054881159	0.7445668551	0.5247524752
957	0.8361525301	0.5131408182	0.8361525301	0.6034781804	0.743594539	0.743594539	0.7458425756	0.4056315038	0.7447168608	0.5249191366
958	0.8361980647	0.5130674046	0.8361980647	0.6035441414	0.7432204975	0.7432204975	0.7456170289	0.4053447572	0.7444168344	0.5245858359
959	0.8362359232	0.5130122712	0.8362359232	0.6036098349	0.7432204975	0.7432204975	0.7456495642	0.4053861063	0.7444330493	0.524620462
960	0.8362817143	0.5129640771	0.8362817143	0.6036785019	0.7432204975	0.7432204975	0.745747187	0.4055102041	0.7444816984	0.5247243679
961	0.8363439258	0.512875821	0.8363439258	0.6037737655	0.7434075182	0.7434075182	0.7458925266	0.4056950398	0.7446479492	0.5249257181
962	0.8363888302	0.5128318736	0.8363888302	0.6038480142	0.7434075182	0.7434075182	0.7458925266	0.4056950398	0.7446479492	0.5249257181
963	0.8364324552	0.5127882527	0.8364324552	0.6039327016	0.743594539	0.743594539	0.7459401999	0.4057556894	0.7447655225	0.5250231084
964	0.836456737	0.5127529214	0.836456737	0.6039744503	0.7430334767	0.7430334767	0.74592738	0.4057393791	0.7444776161	0.5248695422
965	0.836502134	0.5126828712	0.836502134	0.6040418982	0.742846456	0.742846456	0.7459122438	0.4057201226	0.7443761932	0.5248067649
966	0.8365702973	0.5126053779	0.8365702973	0.6041523447	0.7430334767	0.7430334767	0.7459599506	0.4057808191	0.7444938378	0.5249042146
967	0.8366235029	0.5125391626	0.8366235029	0.6042428746	0.7430334767	0.7430334767	0.74592738	0.4057393791	0.7444776161	0.5248695422
968	0.8366655537	0.5124836748	0.8366655537	0.6043063808	0.7430334767	0.7430334767	0.7458948123	0.4056979475	0.7444613952	0.5248348745
969	0.8367125939	0.5124086785	0.8367125939	0.6043667458	0.742846456	0.742846456	0.7459122438	0.4057201226	0.7443761932	0.5248067649
970	0.8367854112	0.5123429829	0.8367854112	0.6044818207	0.742846456	0.742846456	0.7458145286	0.4055958338	0.7443275334	0.5247027741
971	0.8368419742	0.5122919979	0.8368419742	0.6045887827	0.742846456	0.742846456	0.7458796692	0.4056786845	0.7443599725	0.5247720967
972	0.8368886119	0.5122366375	0.8368886119	0.6046722034	0.742846456	0.742846456	0.7457493993	0.4055130168	0.7442950971	0.5246334698
973	0.8369470568	0.5121569776	0.8369470568	0.604748726	0.7426594352	0.7426594352	0.7459296847	0.4057423112	0.7442909678	0.5247786441
974	0.8369910628	0.5121118302	0.8369910628	0.6048171766	0.7426594352	0.7426594352	0.7460274547	0.4058667212	0.744339635	0.5248826912
975	0.8370229866	0.5120561116	0.8370229866	0.6048630985	0.7426594352	0.7426594352	0.7460274547	0.4058667212	0.744339635	0.5248826912
976	0.8370780336	0.5119765658	0.8370780336	0.6049669505	0.7430334767	0.7430334767	0.7461880241	0.4060711365	0.7446074093	0.5251470491
977	0.8371337062	0.5119117302	0.8371337062	0.6050560493	0.7430334767	0.7430334767	0.7461554336	0.4060296372	0.7445911827	0.5251123447
978	0.8371730581	0.5118474212	0.8371730581	0.6051018749	0.7434075182	0.7434075182	0.7463810918	0.4063170807	0.7448913374	0.5254461335
979	0.8372089038	0.5118041971	0.8372089038	0.6051715893	0.743594539	0.743594539	0.7464612943	0.4064192988	0.7450251589	0.5255783212
980	0.8372731813	0.5117505399	0.8372731813	0.6052874448	0.7434075182	0.7434075182	0.7464136856	0.4063586179	0.744907569	0.5254808646
981	0.8373237416	0.5116904532	0.8373237416	0.6053672378	0.743594539	0.743594539	0.7465916817	0.4065855404	0.7450900963	0.5257173079
982	0.8373892542	0.5116254216	0.8373892542	0.6054805473	0.7437815598	0.7437815598	0.7467044591	0.4067293925	0.7452401435	0.5258842975
983	0.8374457477	0.5115601494	0.8374457477	0.6055761436	0.7439685805	0.7439685805	0.7468498211	0.4069148936	0.7454064166	0.526086094
984	0.8374927145	0.5115025127	0.8374927145	0.6056561847	0.7441556013	0.7441556013	0.7468647366	0.4069339333	0.7455077077	0.5261487603
985	0.8375570141	0.511436085	0.8375570141	0.6057557622	0.7434075182	0.7434075182	0.7466745382	0.4066912216	0.7450374467	0.5257588784
986	0.83761324	0.511375545	0.83761324	0.605858761	0.7445296428	0.7445296428	0.7471553422	0.4073050952	0.7458401816	0.5265524767
987	0.8376608692	0.5113331129	0.8376608692	0.6059384643	0.7445296428	0.7445296428	0.7471553422	0.4073050952	0.7458401816	0.5265524767
988	0.837700994	0.5112928121	0.837700994	0.6060111903	0.7445296428	0.7445296428	0.7471553422	0.4073050952	0.7458401816	0.5265524767
989	0.8377377463	0.5112459413	0.8377377463	0.6060687439	0.744342622	0.744342622	0.7471078793	0.407244449	0.7457226872	0.5264550265
990	0.8377950623	0.51118357	0.8377950623	0.6061584365	0.7449036843	0.7449036843	0.7474458818	0.4076765609	0.7461726178	0.5269564067
991	0.8378315029	0.5111238239	0.8378315029	0.6062266072	0.7449036843	0.7449036843	0.7474132635	0.4076348378	0.7461563638	0.5269215505
992	0.8378843523	0.5110782379	0.8378843523	0.6063205816	0.7449036843	0.7449036843	0.7474458818	0.4076765609	0.7461726178	0.5269564067
993	0.8379199826	0.511042843	0.8379199826	0.6063751068	0.7450907051	0.7450907051	0.7475911269	0.4078624079	0.7463388217	0.5271584519
994	0.8379791044	0.5109732933	0.8379791044	0.6064666207	0.7454647466	0.7454647466	0.7478815677	0.4082343302	0.7466712014	0.5275627027
995	0.8380252406	0.5109152978	0.8380252406	0.6065509005	0.7454647466	0.7454647466	0.7479468398	0.4083179676	0.7467037305	0.5276325369
996	0.8380811884	0.5108475734	0.8380811884	0.6066415561	0.7456517673	0.7456517673	0.7479614936	0.4083367472	0.7468048446	0.5276950566
997	0.8381104506	0.5108048276	0.8381104506	0.6066862396	0.7456517673	0.7456517673	0.7478962353	0.4082531231	0.7467723149	0.5276252233
998	0.8381523259	0.5107353537	0.8381523259	0.6067529865	0.7460258089	0.7460258089	0.7478603309	0.4082071224	0.7469419435	0.5276804021
999	0.8382012634	0.5106577283	0.8382012634	0.6068350799	0.7460258089	0.7460258089	0.747795123	0.4081235932	0.7469094181	0.5276106078
